Experiment,Lake,Bottle,Date_Sampled,Treatment,Site_Name,Temp,Depth,Time_Point,N2Ar_F,N2Ar_NF,O2Ar_F,O2Ar_NF,DeltO2Ar,DeltN2Ar
Bioassays,Richland Chambers,1,1/29/21,Light,,26,,,32.22746266,32.47194417,22.03129797,24.51993452,-2.48863655,-0.24448151
Bioassays,Richland Chambers,2,2/2/21,Dark,,26,,,33.15359913,33.47574859,15.62316736,12.51938835,3.10377901,-0.32214946
Bioassays,Richland Chambers,3,1/28/21,Initial,,26,,,36.95164296,37.28249186,18.22833715,19.73670129,-1.50836414,-0.3308489
Bioassays,Richland Chambers,4,1/29/21,Dark,,26,,,34.76916228,34.80128806,17.97308387,17.40561606,0.56746781,-0.03212578
Bioassays,Richland Chambers,5,2/2/21,Dark,,26,,,33.83517151,34.03474953,15.45045385,12.91501108,2.53544277,-0.19957802
Bioassays,Richland Chambers,6,2/2/21,Light,,26,,,31.94122614,32.10061265,30.66793955,41.22805764,-10.56011809,-0.15938651
Bioassays,Richland Chambers,7,2/1/22,Light,,26,,,31.95831688,32.59298442,29.75988341,39.46400271,-9.7041193,-0.63466754
Bioassays,Richland Chambers,8,2/1/22,Dark,,26,,,34.35401701,34.711974,16.33576198,14.55592196,1.77984002,-0.35795699
Bioassays,Richland Chambers,9,1/30/21,Light,,26,,,34.13190957,33.99137489,23.6686037,28.21041756,-4.54181386,0.14053468
Bioassays,Richland Chambers,10,1/28/21,Initial,,26,,,37.09185453,36.8275409,18.21887079,20.03941299,-1.8205422,0.26431363
Bioassays,Richland Chambers,11,1/30/21,Dark,,26,,,35.09086723,35.122033,16.9777563,16.75348991,0.22426639,-0.03116577
Bioassays,Richland Chambers,12,2/1/22,Dark,,26,,,33.83986311,34.08990098,15.60246659,14.49022752,1.11223907,-0.25003787
Bioassays,Richland Chambers,13,2/1/22,Light,,26,,,32.22937756,32.66707566,29.57322504,39.91623717,-10.34301213,-0.4376981
Bioassays,Richland Chambers,14,1/29/21,Dark,,26,,,35.40018636,35.70076315,17.76434627,18.13746003,-0.37311376,-0.30057679
Bioassays,Richland Chambers,15,2/2/21,Light,,26,,,32.1196384,32.3654121,30.71694315,40.13414638,-9.41720323,-0.2457737
Bioassays,Richland Chambers,16,1/29/21,Light,,26,,,33.45270753,33.36486539,21.80244132,24.55859242,-2.7561511,0.08784214
Bioassays,Richland Chambers,17,2/1/22,Dark,,26,,,34.26974393,34.21032758,15.81686739,13.68923961,2.12762778,0.05941635
Bioassays,Richland Chambers,18,1/30/21,Dark,,26,,,34.96855523,34.82195081,16.41020873,16.31595291,0.09425582,0.14660442
Bioassays,Richland Chambers,19,2/1/22,Light,,26,,,33.02073664,32.06277397,30.19574923,39.63350854,-9.43775931,0.95796267
Bioassays,Richland Chambers,20,2/2/21,Dark,,26,,,34.25081676,33.69982636,16.02848135,14.20186352,1.82661783,0.5509904
Bioassays,Richland Chambers,21,1/30/21,Light,,26,,,34.02823803,33.05357335,23.07872154,28.84573478,-5.76701324,0.97466468
Bioassays,Richland Chambers,22,2/2/21,Light,,26,,,33.22863038,31.87690682,28.74852421,38.94918503,-10.20066082,1.35172356
Bioassays,Richland Chambers,23,1/29/21,Light,,26,,,34.75632551,33.45677349,21.25121252,24.88852503,-3.63731251,1.29955202
Bioassays,Richland Chambers,24,1/28/21,Initial,,26,,,36.21008142,35.28718029,18.11463401,20.63763134,-2.52299733,0.92290113
Bioassays,Richland Chambers,25,1/30/21,Light,,26,,,33.63188236,33.25422615,24.51945812,30.93098301,-6.41152489,0.37765621
Bioassays,Richland Chambers,26,1/30/21,Dark,,26,,,35.010618,34.31375974,17.51881752,17.32848362,0.1903339,0.69685826
Bioassays,Richland Chambers,27,1/29/21,Dark,,26,,,36.26415327,34.77620031,17.29075349,18.17561871,-0.88486522,1.48795296
Bioassays,Fayetteville,28,3/4/21,Initial,,26,,,36.63252677,37.03568459,18.43152785,19.21247667,-0.78094882,-0.40315782
Bioassays,Fayetteville,29,3/12/21,Dark,,26,,,34.3692306,35.31884651,11.65464431,8.210786337,3.443857973,-0.94961591
Bioassays,Fayetteville,30,3/10/21,Dark,,26,,,35.33997385,35.92285501,13.31526162,10.34644713,2.96881449,-0.58288116
Bioassays,Fayetteville,31,3/8/21,Light,,26,,,33.85965091,34.37095093,18.90299481,18.48509934,0.41789547,-0.51130002
Bioassays,Fayetteville,32,3/4/21,Initial,,26,,,36.41846774,36.7642592,18.89057417,19.2639401,-0.37336593,-0.34579146
Bioassays,Fayetteville,33,3/10/21,Dark,,26,,,35.45135153,35.74538415,13.56570383,10.36949019,3.19621364,-0.29403262
Bioassays,Fayetteville,34,3/12/21,Light,,26,,,32.03866281,32.25333404,41.9721394,49.3291252,-7.3569858,-0.21467123
Bioassays,Fayetteville,35,3/8/21,Dark,,26,,,34.3271273,34.84144187,14.98968673,13.17404949,1.81563724,-0.51431457
Bioassays,Fayetteville,36,3/10/21,Light,,26,,,33.36247206,32.85074145,32.66144321,38.33067685,-5.66923364,0.51173061
Bioassays,Fayetteville,37,3/12/21,Light,,26,,,31.68145969,32.08618698,42.91287771,48.90592265,-5.99304494,-0.40472729
Bioassays,Fayetteville,38,3/6/21,Light,,26,,,34.95159599,35.34969016,19.66346628,20.05352452,-0.39005824,-0.39809417
Bioassays,Fayetteville,39,3/10/21,Light,,26,,,33.09911343,32.62532069,38.8322972,45.94727425,-7.11497705,0.47379274
Bioassays,Fayetteville,40,3/8/21,Dark,,26,,,35.1736528,35.66246873,14.84984439,12.58389388,2.26595051,-0.48881593
Bioassays,Fayetteville,41,3/10/21,Light,,26,,,33.03024131,33.44766762,33.78322593,39.10337438,-5.32014845,-0.41742631
Bioassays,Fayetteville,42,3/8/21,Light,,26,,,34.17156488,34.90039758,20.53354522,20.75771243,-0.22416721,-0.7288327
Bioassays,Fayetteville,43,3/10/21,Dark,,26,,,34.88699772,35.29307301,13.96606863,10.83032514,3.13574349,-0.40607529
Bioassays,Fayetteville,44,3/6/21,Dark,,26,,,35.20353505,35.67029917,15.78679865,13.77526196,2.01153669,-0.46676412
Bioassays,Fayetteville,45,3/12/21,Dark,,26,,,35.04201626,35.47525147,12.38071215,9.1236832,3.25702895,-0.43323521
Bioassays,Fayetteville,46,3/12/21,Dark,,26,,,35.34388547,35.82968788,12.52694372,8.714040754,3.812902966,-0.48580241
Bioassays,Fayetteville,47,3/4/21,Initial,,26,,,35.87598706,36.72558974,18.60388428,18.92785669,-0.32397241,-0.84960268
Bioassays,Fayetteville,48,3/8/21,Light,,26,,,34.43416541,34.68414972,22.38251992,25.38319609,-3.00067617,-0.24998431
Bioassays,Fayetteville,49,3/6/21,Light,,26,,,34.54720374,34.7754909,18.46972178,18.58004836,-0.11032658,-0.22828716
Bioassays,Fayetteville,50,3/6/21,Dark,,26,,,35.46393205,35.83574977,15.50306241,14.14451473,1.35854768,-0.37181772
Bioassays,Fayetteville,51,3/8/21,Dark,,26,,,35.33593383,35.79695539,14.53009358,12.08034901,2.44974457,-0.46102156
Bioassays,Fayetteville,52,3/6/21,Light,,26,,,35.11695706,35.42954248,19.10643082,20.00814337,-0.90171255,-0.31258542
Bioassays,Fayetteville,53,3/6/21,Dark,,26,,,34.97515721,35.19191251,15.47761731,13.92533227,1.55228504,-0.2167553
Bioassays,Fayetteville,54,3/12/21,Light,,26,,,31.04143031,31.16504101,48.5435132,57.26050008,-8.71698688,-0.1236107
Bioassays,Richland Chambers,55,5/3/21,Light,,26,,,35.90839015,36.22018049,33.89088917,32.77854858,1.11234059,-0.31179034
Bioassays,Richland Chambers,56,5/3/21,Dark,,26,,,36.6669439,37.45495671,13.16823628,10.34734962,2.82088666,-0.78801281
Bioassays,Richland Chambers,57,5/5/21,Light,,26,,,35.55407927,35.78320967,37.20454346,36.22489187,0.97965159,-0.2291304
Bioassays,Richland Chambers,58,4/30/21,Dark,,26,,,37.34001569,38.23005425,17.448183,14.98003659,2.46814641,-0.89003856
Bioassays,Richland Chambers,59,4/29/21,Initial,,26,,,37.57111659,38.44669816,10.04973766,13.8033638,-3.75362614,-0.87558157
Bioassays,Richland Chambers,60,5/4/21,Dark,,26,,,37.7895677,38.4436654,10.33430195,8.36415445,1.9701475,-0.6540977
Bioassays,Richland Chambers,61,5/4/21,Light,,26,,,35.23520022,35.54153089,39.19320908,37.7502946,1.44291448,-0.30633067
Bioassays,Richland Chambers,62,4/29/21,Initial,,26,,,37.46161881,38.48438383,14.65691251,14.5818408,0.07507171,-1.02276502
Bioassays,Richland Chambers,63,5/3/21,Dark,,26,,,37.45001992,38.39036267,11.75075418,10.19489208,1.5558621,-0.94034275
Bioassays,Richland Chambers,64,4/30/21,Dark,,26,,,37.467718,38.37364804,13.19355345,14.63271485,-1.4391614,-0.90593004
Bioassays,Richland Chambers,65,4/30/21,Light,,26,,,37.26292023,38.12012224,16.97921512,17.33768229,-0.35846717,-0.85720201
Bioassays,Richland Chambers,66,4/30/21,Dark,,26,,,37.53520016,38.49567586,14.06538529,14.61161491,-0.54622962,-0.9604757
Bioassays,Richland Chambers,67,5/5/21,Dark,,26,,,37.27249293,38.16770981,10.3537952,7.718559018,2.635236182,-0.89521688
Bioassays,Richland Chambers,68,5/4/21,Dark,,26,,,37.11891759,38.0817747,9.930313027,8.66673943,1.263573597,-0.96285711
Bioassays,Richland Chambers,69,5/4/21,Light,,26,,,35.32927541,35.30671045,35.37560945,39.57825526,-4.20264581,0.02256496
Bioassays,Richland Chambers,70,5/3/21,Dark,,26,,,37.34866034,38.24619406,11.43043526,9.837295478,1.593139782,-0.89753372
Bioassays,Richland Chambers,71,5/3/21,Light,,26,,,36.18052243,36.38873219,33.2302083,35.06484985,-1.83464155,-0.20820976
Bioassays,Richland Chambers,72,5/4/21,Light,,26,,,34.71340076,35.00394775,36.10836861,38.31260274,-2.20423413,-0.29054699
Bioassays,Richland Chambers,73,4/30/21,Light,,26,,,37.46229742,38.37441963,18.59049439,17.25944852,1.33104587,-0.91212221
Bioassays,Richland Chambers,74,5/5/21,Dark,,26,,,37.18351836,37.97064102,11.73794672,8.52380503,3.21414169,-0.78712266
Bioassays,Richland Chambers,75,5/5/21,Light,,26,,,34.93235294,35.0379361,37.83901642,40.71496174,-2.87594532,-0.10558316
Bioassays,Richland Chambers,76,5/5/21,Light,,26,,,34.70184158,34.73059727,39.98996881,42.34508667,-2.35511786,-0.02875569
Bioassays,Richland Chambers,77,5/4/21,Dark,,26,,,37.39818587,38.30521942,12.68223852,8.658727124,4.023511396,-0.90703355
Bioassays,Richland Chambers,78,5/3/21,Light,,26,,,36.06355858,36.28758303,36.40046234,35.8154137,0.58504864,-0.22402445
Bioassays,Richland Chambers,79,5/5/21,Dark,,26,,,37.40006079,38.13388548,11.47877374,8.415533128,3.063240612,-0.73382469
Bioassays,Richland Chambers,80,4/30/21,Light,,26,,,37.59067992,38.41718235,18.23961584,18.37852988,-0.13891404,-0.82650243
Bioassays,Richland Chambers,81,4/29/21,Initial,,26,,,37.74218894,38.56226471,19.16443688,14.53020772,4.63422916,-0.82007577
Bioassays,Richland Chambers,82,6/18/21,Light,,26,,,35.62262735,36.2338726,51.33414466,54.37312733,-3.03898267,-0.61124525
Bioassays,Richland Chambers,83,6/16/21,Light,,26,,,35.99245302,36.28553363,46.43328913,45.78630663,0.6469825,-0.29308061
Bioassays,Richland Chambers,84,6/17/21,Light,,26,,,36.13180165,36.26106017,49.25930051,45.9721456,3.28715491,-0.12925852
Bioassays,Richland Chambers,85,6/17/21,Light,,26,,,36.05411669,36.44541233,53.64227345,51.90409384,1.73817961,-0.39129564
Bioassays,Richland Chambers,86,6/13/21,Light,,26,,,37.49246228,38.37974665,27.63808675,26.59070064,1.04738611,-0.88728437
Bioassays,Richland Chambers,87,6/16/21,Dark,,26,,,37.76300546,38.38318243,10.77368508,6.500717533,4.272967547,-0.62017697
Bioassays,Richland Chambers,88,6/10/21,Initial,,26,,,38.17864713,38.78781097,13.17095516,15.84022385,-2.66926869,-0.60916384
Bioassays,Richland Chambers,89,6/13/21,Light,,26,,,37.63373671,38.31487354,21.25223454,23.98854714,-2.7363126,-0.68113683
Bioassays,Richland Chambers,90,6/16/21,Light,,26,,,36.1017272,36.32587092,44.71746685,48.63384212,-3.91637527,-0.22414372
Bioassays,Richland Chambers,91,6/17/21,Dark,,26,,,37.90997388,38.35524453,10.60810898,5.646081136,4.962027844,-0.44527065
Bioassays,Richland Chambers,92,6/17/21,Dark,,26,,,37.89744527,38.27142121,9.032322299,5.25186979,3.780452509,-0.37397594
Bioassays,Richland Chambers,93,6/10/21,Initial,,26,,,38.05309152,38.64561822,11.88949529,17.44870697,-5.55921168,-0.5925267
Bioassays,Richland Chambers,94,6/18/21,Dark,,26,,,37.87803454,38.15385729,9.031897194,4.499149705,4.532747489,-0.27582275
Bioassays,Richland Chambers,95,6/16/21,Dark,,26,,,37.61987673,38.04450959,8.844446932,25.58977923,-16.7453323,-0.42463286
Bioassays,Richland Chambers,96,6/13/21,Light,,26,,,37.68012779,36.39226945,21.30425283,51.99667568,-30.69242285,1.28785834
Bioassays,Richland Chambers,97,6/16/21,Light,,26,,,36.16076765,38.02132679,46.72276182,5.810805004,40.91195682,-1.86055914
Bioassays,Richland Chambers,98,6/17/21,Dark,,26,,,37.802338,38.0469924,11.83518204,5.782877573,6.052304467,-0.2446544
Bioassays,Richland Chambers,99,6/13/21,Dark,,26,,,38.01175857,38.18260115,13.12276423,9.814482833,3.308281397,-0.17084258
Bioassays,Richland Chambers,100,6/13/21,Dark,,26,,,37.97099946,38.16182448,11.68170081,8.195577145,3.486123665,-0.19082502
Bioassays,Richland Chambers,101,6/10/21,Initial,,26,,,38.1902305,38.41868668,12.43914023,15.94746708,-3.50832685,-0.22845618
Bioassays,Richland Chambers,102,6/18/21,Dark,,26,,,37.96114284,37.89304865,9.235705091,4.329888389,4.905816702,0.06809419
Bioassays,Richland Chambers,103,6/17/21,Light,,26,,,36.78603236,37.48684917,49.00754068,53.0361458,-4.02860512,-0.70081681
Bioassays,Richland Chambers,104,6/18/21,Light,,26,,,35.08947789,34.85193466,50.05874359,55.37001432,-5.31127073,0.23754323
Bioassays,Richland Chambers,105,6/13/21,Dark,,26,,,37.99024596,38.16034043,15.44817226,9.823968092,5.624204168,-0.17009447
Bioassays,Richland Chambers,106,6/16/21,Dark,,26,,,38.0722583,37.9981434,11.93433412,7.330919976,4.603414144,0.0741149
Bioassays,Richland Chambers,107,6/18/21,Dark,,26,,,37.96929503,37.82758197,9.480193884,4.02107522,5.459118664,0.14171306
Bioassays,Richland Chambers,108,6/18/21,Light,,26,,,36.8389434,36.86140805,52.84360201,57.59994366,-4.75634165,-0.02246465
Bioassays,Richland Chambers,109,10/27/21,Dark,,26,,,38.59666379,37.74315294,5.373657435,2.667716528,2.705940907,0.85351085
Bioassays,Richland Chambers,110,10/22/21,Dark,,26,,,38.41721779,37.66719781,5.573911588,3.983695962,1.590215626,0.75001998
Bioassays,Richland Chambers,111,11/2/21,Dark,,26,,,37.54968157,37.15151152,4.638926677,2.079759744,2.559166933,0.39817005
Bioassays,Richland Chambers,112,10/22/21,Light,,26,,,35.51090712,35.37801895,50.88317375,48.26794568,2.61522807,0.13288817
Bioassays,Richland Chambers,113,10/27/21,Dark,,26,,,38.41707965,37.60134363,5.335614978,2.769289357,2.566325621,0.81573602
Bioassays,Richland Chambers,114,10/19/21,Light,,26,,,37.15724669,37.23668062,33.75288962,35.06884009,-1.31595047,-0.07943393
Bioassays,Richland Chambers,115,11/2/21,Light,,26,,,32.43073636,32.03386805,60.93963254,56.17629905,4.76333349,0.39686831
Bioassays,Richland Chambers,116,10/15/21,Initial,,26,,,37.92880511,38.17922341,20.16218902,20.05740496,0.10478406,-0.2504183
Bioassays,Richland Chambers,117,10/22/21,Dark,,26,,,38.42190783,37.52984005,5.081302819,3.621100104,1.460202715,0.89206778
Bioassays,Richland Chambers,118,10/27/21,Light,,26,,,32.87957961,32.30024775,58.67024744,55.37702339,3.29322405,0.57933186
Bioassays,Richland Chambers,119,10/15/21,Initial,,26,,,38.29812198,38.06640804,17.73073121,18.30009017,-0.56935896,0.23171394
Bioassays,Richland Chambers,120,10/19/21,Dark,,26,,,38.42899387,38.16399952,8.457850154,8.306445405,0.151404749,0.26499435
Bioassays,Richland Chambers,121,10/19/21,Light,,26,,,37.10894861,36.91711471,34.01631779,35.35382496,-1.33750717,0.1918339
Bioassays,Richland Chambers,122,10/19/21,Dark,,26,,,38.26100394,38.15222319,8.848811155,8.177494035,0.67131712,0.10878075
Bioassays,Richland Chambers,123,11/2/21,Dark,,26,,,37.65244087,36.92437827,4.477066645,2.192499529,2.284567116,0.7280626
Bioassays,Richland Chambers,124,11/2/21,Dark,,26,,,38.73916232,37.99702988,4.095217907,2.149860751,1.945357156,0.74213244
Bioassays,Richland Chambers,125,10/15/21,Initial,,26,,,38.36635935,38.13157406,16.63322687,19.21485112,-2.58162425,0.23478529
Bioassays,Richland Chambers,126,11/2/21,Light,,26,,,32.84331985,32.27060733,57.26806604,56.19417853,1.07388751,0.57271252
Bioassays,Richland Chambers,127,10/22/21,Light,,26,,,34.82869351,34.7735382,53.2994583,49.46699872,3.83245958,0.05515531
Bioassays,Richland Chambers,128,11/2/21,Light,,26,,,33.03655292,32.51237348,51.47369765,49.01866596,2.45503169,0.52417944
Bioassays,Richland Chambers,129,10/22/21,Dark,,26,,,38.37726497,37.70408443,6.313067165,4.210991646,2.102075519,0.67318054
Bioassays,Richland Chambers,130,10/19/21,Dark,,26,,,38.59322057,38.37396192,7.661494731,7.724318851,-0.06282412,0.21925865
Bioassays,Richland Chambers,131,10/19/21,Light,,26,,,37.55735695,37.56610502,40.82914407,38.46961614,2.35952793,-0.00874807
Bioassays,Richland Chambers,132,10/27/21,Light,,26,,,36.88886643,36.73963397,57.95869367,50.90991979,7.04877388,0.14923246
Bioassays,Richland Chambers,133,10/22/21,Light,,26,,,35.58518156,35.45759305,51.4963284,45.94807826,5.54825014,0.12758851
Bioassays,Richland Chambers,134,10/27/21,Light,,26,,,36.07588886,36.14093315,60.12402727,50.9325342,9.19149307,-0.06504429
Bioassays,Richland Chambers,135,10/27/21,Dark,,26,,,37.99477519,37.48577914,5.763126526,3.016603275,2.746523251,0.50899605
Groundwater,,,10/30/20,,HA02,11.3,,,34.61382349,33.52764425,17.84104609,16.4931057,1.34794039,1.08617924
Groundwater,,,11/29/20,,HA02,6.6,,,34.7878244,36.11878057,18.29183895,16.98162433,1.31021462,-1.33095617
Groundwater,,,4/28/21,,HA02,2.6,,,37.26572408,37.4830194,18.12721356,16.92800363,1.19920993,-0.21729532
Groundwater,,,5/28/20,,HA02,4.3,,,38.69752619,38.6550633,17.50791601,17.72837245,-0.22045644,0.04246289
Groundwater,,,6/5/21,,HA02,5.3,,,37.39857694,37.4092263,17.86700499,17.35262765,0.51437734,-0.01064936
Groundwater,,,7/6/21,,HA02,7,,,37.67758694,37.71750758,15.34222464,14.72527634,0.6169483,-0.03992064
Groundwater,,,8/18/21,,HA02,11.6,,,37.4863935,37.65730752,13.73957252,12.10331928,1.63625324,-0.17091402
Groundwater,,,9/29/20,,HA02,13.1,,,35.93460176,35.26603628,19.6749239,15.03244684,4.64247706,0.66856548
Groundwater,,,10/30/20,,HA04,6.6,,,38.53049174,38.68740802,15.01030852,10.48889994,4.52140858,-0.15691628
Groundwater,,,11/29/20,,HA04,4.8,,,39.6652525,38.92869157,10.21919264,8.62802271,1.59116993,0.73656093
Groundwater,,,4/28/21,,HA04,5.4,,,37.24763115,37.53743598,14.21910311,10.55564216,3.66346095,-0.28980483
Groundwater,,,5/28/20,,HA04,7.3,,,37.31136173,37.2069414,10.87848104,10.49579465,0.38268639,0.10442033
Groundwater,,,6/5/21,,HA04,6.6,,,37.0725908,37.13261731,17.65096576,17.41606765,0.23489811,-0.06002651
Groundwater,,,7/6/21,,HA04,6.2,,,37.51373554,37.36460239,16.8340784,16.84598277,-0.01190437,0.14913315
Groundwater,,,8/18/21,,HA04,5.6,,,37.51524922,37.60642564,16.49541333,16.3924975,0.10291583,-0.09117642
Groundwater,,,9/29/20,,HA04,10.2,,,38.10519136,38.27591378,17.54430931,8.891245907,8.653063403,-0.17072242
Groundwater,,,10/30/20,,HA07,7.4,,,37.7394984,37.80445946,14.74667114,11.60895049,3.13772065,-0.06496106
Groundwater,,,11/29/20,,HA07,7,,,38.16104812,38.09367021,13.63524101,11.05147044,2.58377057,0.06737791
Groundwater,,,4/28/21,,HA07,4.8,,,38.31628941,38.19890061,14.85953184,11.18350816,3.67602368,0.1173888
Groundwater,,,5/28/20,,HA07,5.1,,,38.31164432,38.05397885,9.937259365,10.43978694,-0.502527575,0.25766547
Groundwater,,,6/5/21,,HA07,5,,,37.9420734,38.03425195,14.18280511,12.06939971,2.1134054,-0.09217855
Groundwater,,,7/6/21,,HA07,5.5,,,38.0062486,38.13407556,13.48368311,12.60645014,0.87723297,-0.12782696
Groundwater,,,8/18/21,,HA07,6.6,,,37.51659379,37.68046038,13.4590671,12.90538082,0.55368628,-0.16386659
Groundwater,,,9/29/20,,HA07,7.3,,,37.79781505,37.96843716,17.2423573,12.00412906,5.23822824,-0.17062211
Groundwater,,,10/30/20,,HA09,8.5,,,37.82708209,37.9370166,12.82297278,8.437092108,4.385880672,-0.10993451
Groundwater,,,11/29/20,,HA09,7.7,,,38.17762279,38.21616954,10.815224,8.22505941,2.59016459,-0.03854675
Groundwater,,,4/28/21,,HA09,4.5,,,38.4566466,38.27170987,12.08289681,7.638136791,4.444760019,0.18493673
Groundwater,,,5/28/20,,HA09,4.7,,,38.84415891,38.63435283,7.488701948,7.448286054,0.040415894,0.20980608
Groundwater,,,6/5/21,,HA09,4.9,,,38.55893868,38.59442617,11.2634868,7.68425963,3.57922717,-0.03548749
Groundwater,,,7/6/21,,HA09,5.9,,,38.51993563,38.58695598,9.328327073,7.007717965,2.320609108,-0.06702035
Groundwater,,,8/18/21,,HA09,7.9,,,37.88500187,38.11364552,8.01059593,6.776426911,1.234169019,-0.22864365
Groundwater,,,9/29/20,,HA09,8.6,,,38.00565948,38.1838185,16.36660757,7.016190261,9.350417309,-0.17815902
Groundwater,,,10/30/20,,HA10,8.5,,,37.46110387,37.3464802,12.65218779,6.591965154,6.060222636,0.11462367
Groundwater,,,11/29/20,,HA10,7.2,,,37.52657417,37.84742132,8.572978193,5.959047908,2.613930285,-0.32084715
Groundwater,,,4/28/21,,HA10,4.8,,,38.13052233,38.08289816,10.05188678,5.100020658,4.951866122,0.04762417
Groundwater,,,5/28/20,,HA10,6,,,38.30500651,38.18957652,4.941755931,6.370397344,-1.428641413,0.11542999
Groundwater,,,6/5/21,,HA10,5.9,,,38.20474163,38.43985865,8.368226655,4.414934891,3.953291764,-0.23511702
Groundwater,,,7/6/21,,HA10,7.3,,,38.44812003,38.53209308,6.904270614,3.949451091,2.954819523,-0.08397305
Groundwater,,,8/18/21,,HA10,9.2,,,37.87900041,37.96101974,5.664985372,3.92847024,1.736515132,-0.08201933
Groundwater,,,9/29/20,,HA10,9.2,,,37.4970471,37.70112666,16.40395876,4.411047234,11.99291153,-0.20407956
Groundwater,,,10/30/20,,HA12,11.5,,,37.95112229,38.04970921,13.19024334,6.186448911,7.003794429,-0.09858692
Groundwater,,,11/29/20,,HA12,10.2,,,37.59252591,37.73496183,9.638778495,6.954033706,2.684744789,-0.14243592
Groundwater,,,4/28/21,,HA12,2,,,38.35727539,38.11804508,10.86243943,6.908641029,3.953798401,0.23923031
Groundwater,,,5/28/20,,HA12,4.2,,,39.21078916,38.52103671,8.089605672,7.478431228,0.611174444,0.68975245
Groundwater,,,6/5/21,,HA12,3.6,,,38.5227795,38.46059583,14.83317413,12.78243142,2.05074271,0.06218367
Groundwater,,,7/6/21,,HA12,5.5,,,39.45629871,39.35136296,7.78518835,5.170318427,2.614869923,0.10493575
Groundwater,,,8/18/21,,HA12,8.9,,,39.06975737,39.23585131,7.33626559,4.019304193,3.316961397,-0.16609394
Groundwater,,,9/29/20,,HA12,10.7,,,38.38796768,38.72866927,16.88086553,4.361732395,12.51913314,-0.34070159
Groundwater,,,10/30/20,,HA13,7.4,,,36.41905461,36.22295487,16.02103157,12.7418147,3.27921687,0.19609974
Groundwater,,,11/29/20,,HA13,7.5,,,37.56518875,37.55523795,14.6056215,12.34124542,2.26437608,0.0099508
Groundwater,,,4/28/21,,HA13,5.8,,,36.70481872,37.17455135,17.79785049,14.32292481,3.47492568,-0.46973263
Groundwater,,,5/28/20,,HA13,5.5,,,38.24083175,38.15638588,13.20495518,13.57811738,-0.3731622,0.08444587
Groundwater,,,6/5/21,,HA13,6,,,37.78059312,38.00484922,15.07373775,12.52027593,2.55346182,-0.2242561
Groundwater,,,7/6/21,,HA13,6.5,,,37.60907696,37.96594569,13.51885806,12.44011462,1.07874344,-0.35686873
Groundwater,,,8/18/21,,HA13,7,,,37.14146004,37.29753657,14.51301088,13.9304414,0.58256948,-0.15607653
Groundwater,,,9/29/20,,HA13,7.7,,,37.64805121,37.6881998,18.35287677,11.40440359,6.94847318,-0.04014859
Groundwater,,,10/30/20,,HA15,6.9,,,38.29286421,38.4056867,14.4585872,9.067763838,5.390823362,-0.11282249
Groundwater,,,11/29/20,,HA15,6.2,,,38.4960953,38.32974585,14.70148333,12.00095906,2.70052427,0.16634945
Groundwater,,,4/28/21,,HA15,4.9,,,38.06445505,38.14673495,13.99307928,10.46676095,3.52631833,-0.0822799
Groundwater,,,5/28/20,,HA15,5.8,,,38.79270694,38.68435682,7.976280459,8.01901144,-0.042730981,0.10835012
Groundwater,,,6/5/21,,HA15,5.7,,,38.36104296,38.40078168,14.73539676,13.01454106,1.7208557,-0.03973872
Groundwater,,,7/6/21,,HA15,6.6,,,38.35846598,38.45905624,11.50820155,10.22735537,1.28084618,-0.10059026
Groundwater,,,8/18/21,,HA15,7.4,,,37.59628006,37.71135794,12.99900883,12.49130195,0.50770688,-0.11507788
Groundwater,,,9/29/20,,HA15,7.9,,,38.2658455,38.51240683,16.80207668,8.031337244,8.770739436,-0.24656133
Groundwater,,,10/30/20,,HA16,7.1,,,37.68809658,37.61328391,16.02604422,11.83673217,4.18931205,0.07481267
Groundwater,,,11/29/20,,HA16,7.1,,,38.11990949,38.16491122,12.74875256,10.20335178,2.54540078,-0.04500173
Groundwater,,,4/28/21,,HA16,6,,,37.798851,37.85161382,15.56264372,12.12874342,3.4339003,-0.05276282
Groundwater,,,5/28/20,,HA16,5.1,,,38.37150336,38.04408605,15.42034206,15.79526056,-0.3749185,0.32741731
Groundwater,,,6/5/21,,HA16,5.4,,,37.75020868,37.89196395,16.82332574,15.73496223,1.08836351,-0.14175527
Groundwater,,,7/6/21,,HA16,6,,,38.46789154,38.52582736,12.57898246,11.42896029,1.15002217,-0.05793582
Groundwater,,,8/18/21,,HA16,6.5,,,37.5030295,37.58694532,12.64780939,12.23074389,0.4170655,-0.08391582
Groundwater,,,9/29/20,,HA16,7,,,38.03826745,38.17686939,17.57150156,12.11800282,5.45349874,-0.13860194
Groundwater,,,10/30/20,,HA18,7.5,,,38.10392923,37.99746837,15.57116556,10.56155108,5.00961448,0.10646086
Groundwater,,,11/29/20,,HA18,6.7,,,38.39293477,38.33517917,12.1733674,9.21744855,2.95591885,0.0577556
Groundwater,,,4/28/21,,HA18,4.8,,,38.2088714,38.14680452,14.68219049,11.02610467,3.65608582,0.06206688
Groundwater,,,5/28/20,,HA18,16.9,,,40.80599241,40.67433668,5.049824524,5.090074203,-0.040249679,0.13165573
Groundwater,,,6/16/21,,HA18,5.8,,,38.58383105,38.53853157,15.91494324,14.47199241,1.44295083,0.04529948
Groundwater,,,7/6/21,,HA18,6.9,,,38.53129826,38.57934134,13.21714949,12.12483229,1.0923172,-0.04804308
Groundwater,,,8/18/21,,HA18,6.7,,,37.89354879,37.98914532,12.4122988,10.27713134,2.13516746,-0.09559653
Groundwater,,,9/29/20,,HA18,8.5,,,38.01420765,38.20316149,17.5434166,9.484228309,8.059188291,-0.18895384
Groundwater,,,10/30/20,,HA19,9,,,37.84125779,37.91200946,14.19274072,8.713789616,5.478951104,-0.07075167
Groundwater,,,11/29/20,,HA19,8,,,37.75668161,37.82992057,13.46383113,11.09729459,2.36653654,-0.07323896
Groundwater,,,4/28/21,,HA19,4.5,,,37.13546873,37.31369518,16.68596259,13.47736201,3.20860058,-0.17822645
Groundwater,,,5/28/20,,HA19,6.8,,,38.70488206,38.71777275,11.96717621,12.24064421,-0.273468,-0.01289069
Groundwater,,,6/5/21,,HA19,8.6,,,38.90249165,38.87164083,14.48580749,11.2989591,3.18684839,0.03085082
Groundwater,,,7/6/21,,HA19,7,,,38.3267338,38.41625961,13.74854465,12.54674427,1.20180038,-0.08952581
Groundwater,,,8/18/21,,HA19,8.8,,,37.71108277,37.9214515,8.604919088,7.144851598,1.46006749,-0.21036873
Groundwater,,,9/29/20,,HA19,9.4,,,37.64331736,37.91844238,16.42488007,6.189748074,10.235132,-0.27512502
Groundwater,,,10/30/20,,HA20,8.3,,,37.961802,37.96762597,14.4173432,8.865590359,5.551752841,-0.00582397
Groundwater,,,11/29/20,,HA20,7,,,38.27146016,38.30257316,11.72879765,8.976624177,2.752173473,-0.031113
Groundwater,,,4/28/21,,HA20,4.9,,,37.93518169,37.97287145,13.59959511,10.10912842,3.49046669,-0.03768976
Groundwater,,,5/28/20,,HA20,5.7,,,38.66897415,38.22470362,14.67756753,14.6577374,0.01983013,0.44427053
Groundwater,,,6/5/21,,HA20,6,,,38.55262902,38.40101357,15.99601643,14.54673731,1.44927912,0.15161545
Groundwater,,,7/6/21,,HA20,7,,,38.65315925,38.66446689,11.42021172,9.89417799,1.52603373,-0.01130764
Groundwater,,,8/18/21,,HA20,9.2,,,37.97754967,38.21340694,6.910219583,5.199246033,1.71097355,-0.23585727
Groundwater,,,9/29/20,,HA20,10.7,,,37.90915004,38.14474422,17.05828571,7.84725859,9.21102712,-0.23559418
Groundwater,,,10/30/20,,Movie #5,12.2,,,36.65457582,36.15231111,15.26131805,10.4791952,4.78212285,0.50226471
Groundwater,,,11/29/20,,Movie #5,5.9,,,37.09340729,37.20605098,12.63097667,11.57192201,1.05905466,-0.11264369
Groundwater,,,4/28/21,,Movie #5,2,,,37.56679394,37.85862644,16.48516306,14.69567894,1.78948412,-0.2918325
Groundwater,,,5/28/20,,Movie #5,5.2,,,38.86588993,39.19846624,15.03341138,15.32665813,-0.29324675,-0.33257631
Groundwater,,,6/5/21,,Movie #5,6.2,,,38.09730687,38.22941673,16.23121139,15.12472165,1.10648974,-0.13210986
Groundwater,,,7/6/21,,Movie #5,9.6,,,38.227716,38.33897187,9.82051436,7.896156615,1.924357745,-0.11125587
Groundwater,,,8/18/21,,Movie #5,13.3,,,38.08622775,38.25134719,8.934270654,6.754556711,2.179713943,-0.16511944
Groundwater,,,9/29/20,,Movie #5,13.7,,,37.65474049,37.88074466,11.806917,7.498549613,4.308367387,-0.22600417
Groundwater,,,10/30/20,,Sargent N,7.9,,,38.07868792,38.05523948,12.50274009,6.418765954,6.083974136,0.02344844
Groundwater,,,11/29/20,,Sargent N,6.6,,,38.50884281,38.54384599,8.920629751,5.854311154,3.066318597,-0.03500318
Groundwater,,,4/28/21,,Sargent N,4.5,,,37.93226635,37.81283584,11.73002547,7.987326157,3.742699313,0.11943051
Groundwater,,,5/28/20,,Sargent N,5.3,,,38.3360461,38.20323147,11.15137812,11.33530965,-0.18393153,0.13281463
Groundwater,,,6/5/21,,Sargent N,5.3,,,38.00220763,38.05621427,13.87750619,10.71633669,3.1611695,-0.05400664
Groundwater,,,7/6/21,,Sargent N,6.5,,,38.53698521,38.63371482,9.105945496,6.757361446,2.34858405,-0.09672961
Groundwater,,,8/18/21,,Sargent N,8.1,,,37.79800989,38.08391023,6.106794345,4.190269255,1.91652509,-0.28590034
Groundwater,,,9/29/20,,Sargent N,9.3,,,37.55099785,37.79625078,15.80770745,4.897207044,10.91050041,-0.24525293
Groundwater,,,10/30/20,,Sargent S,8.1,,,37.9230645,37.83953094,13.10411264,6.835190319,6.268922321,0.08353356
Groundwater,,,11/29/20,,Sargent S,7.4,,,38.51163521,38.61188915,10.2841993,7.585307251,2.698892049,-0.10025394
Groundwater,,,4/28/21,,Sargent S,4.5,,,38.66015783,38.33121839,12.75871566,8.490266707,4.268448953,0.32893944
Groundwater,,,5/28/20,,Sargent S,5,,,39.19789391,38.32280042,9.824595087,9.820079065,0.004516022,0.87509349
Groundwater,,,6/5/21,,Sargent S,5.2,,,38.54990739,38.41182185,13.5929857,10.67974401,2.91324169,0.13808554
Groundwater,,,7/6/21,,Sargent S,6.7,,,38.62811503,38.80566223,9.333448575,7.103021856,2.230426719,-0.1775472
Groundwater,,,8/18/21,,Sargent S,8.4,,,37.94580259,38.30062855,6.702956886,4.677226779,2.025730107,-0.35482596
Groundwater,,,9/29/20,,Sargent S,8.7,,,38.0612462,38.3439865,16.39786786,5.072975851,11.32489201,-0.2827403
Groundwater,,,10/30/20,,WB #4,7.7,,,37.94075375,38.00631512,15.64827161,11.11364235,4.53462926,-0.06556137
Groundwater,,,11/29/20,,WB #4,6.7,,,38.26342453,38.17431096,14.05335231,11.54032232,2.51302999,0.08911357
Groundwater,,,4/28/21,,WB #4,5.3,,,37.80648052,37.90651677,16.2908615,13.25893383,3.03192767,-0.10003625
Groundwater,,,5/28/20,,WB #4,5.4,,,38.17033209,38.07854479,12.98436296,13.2603601,-0.27599714,0.0917873
Groundwater,,,6/5/21,,WB #4,5.8,,,38.11754153,38.1916512,14.713452,12.86621461,1.84723739,-0.07410967
Groundwater,,,7/6/21,,WB #4,6.4,,,38.03805858,38.10670778,13.30599059,12.53738554,0.76860505,-0.0686492
Groundwater,,,8/18/21,,WB #4,8.2,,,38.16823047,38.14532151,11.39676682,10.34831787,1.04844895,0.02290896
Groundwater,,,9/29/20,,WB #4,8.2,,,38.11637328,38.28972932,17.61068634,10.34532596,7.26536038,-0.17335604
Profiles,Richland Chambers,,4/27/21,,,19.471,0,,37.80658511,37.77228118,20.57319507,20.99514171,-0.42194664,0.03430393
Profiles,Richland Chambers,,4/27/21,,,19.437,1,,37.89825511,37.75052562,20.59858032,21.01934249,-0.42076217,0.14772949
Profiles,Richland Chambers,,4/27/21,,,19.445,2,,37.78556703,37.76938361,20.55694443,21.00157703,-0.4446326,0.01618342
Profiles,Richland Chambers,,4/27/21,,,19.37,3,,37.74233877,37.75633815,20.69158893,20.96114499,-0.26955606,-0.01399938
Profiles,Richland Chambers,,4/27/21,,,19.333,4,,37.70746542,37.73851449,20.65002521,21.03871667,-0.38869146,-0.03104907
Profiles,Richland Chambers,,4/27/21,,,19.165,5,,37.73418838,37.76537259,20.55180904,20.93329578,-0.38148674,-0.03118421
Profiles,Richland Chambers,,4/27/21,,,18.743,6,,37.78554206,37.71759379,19.8864336,20.01789154,-0.13145794,0.06794827
Profiles,Richland Chambers,,4/27/21,,,18.31,7,,37.84431534,37.80757732,19.61100533,19.39030572,0.22069961,0.03673802
Profiles,Richland Chambers,,4/27/21,,,17.907,8,,37.93153235,37.7778038,18.98691165,18.49786449,0.48904716,0.15372855
Profiles,Richland Chambers,,4/27/21,,,17.814,9,,37.93288845,37.77504032,18.3566959,17.41584607,0.94084983,0.15784813
Profiles,Richland Chambers,,4/27/21,,,17.787,10,,37.9158389,37.9049778,16.92911664,15.36221024,1.5669064,0.0108611
Profiles,Richland Chambers,,4/27/21,,,17.787,11,,37.97738687,37.96327164,16.60681724,14.48447357,2.12234367,0.01411523
Profiles,Richland Chambers,,5/12/21,,,21.213,0,,37.82431715,38.14410655,17.36237813,16.70868392,0.65369421,-0.3197894
Profiles,Richland Chambers,,5/12/21,,,21.155,1,,37.76842499,38.09139446,17.02096684,16.37796213,0.64300471,-0.32296947
Profiles,Richland Chambers,,5/12/21,,,21.151,2,,37.85589967,38.18807619,16.95953776,16.45599147,0.50354629,-0.33217652
Profiles,Richland Chambers,,5/12/21,,,21.24,3,,37.86157186,38.11417709,16.87199343,16.36190114,0.51009229,-0.25260523
Profiles,Richland Chambers,,5/12/21,,,21.222,4,,37.88766827,38.10785726,16.82865246,16.57686454,0.25178792,-0.22018899
Profiles,Richland Chambers,,5/12/21,,,21.165,5,,38.04063207,38.08440233,16.72456362,16.09475245,0.62981117,-0.04377026
Profiles,Richland Chambers,,5/12/21,,,20.759,6,,37.93304753,38.04055468,15.31568337,13.33314001,1.98254336,-0.10750715
Profiles,Richland Chambers,,5/12/21,,,20.398,7,,37.96028718,38.02989035,14.76601505,12.98052292,1.78549213,-0.06960317
Profiles,Richland Chambers,,5/12/21,,,20.459,8,,38.0085135,38.03885552,13.58179723,11.61514634,1.96665089,-0.03034202
Profiles,Richland Chambers,,5/12/21,,,20.33,9,,38.03289059,38.04776847,13.39837701,11.41277512,1.98560189,-0.01487788
Profiles,Richland Chambers,,5/12/21,,,20.207,10,,38.0286858,38.01356685,12.7652783,10.51580201,2.24947629,0.01511895
Profiles,Richland Chambers,,5/12/21,,,20.207,11,,38.01338452,37.99731791,12.40718743,10.5702124,1.83697503,0.01606661
Profiles,Fayetteville,,5/13/21,,,19.262,0,,36.52946447,36.81593926,34.16127406,36.69690048,-2.53562642,-0.28647479
Profiles,Fayetteville,,5/13/21,,,18.59,1,,36.60701409,36.64214202,33.41605472,35.34088039,-1.92482567,-0.03512793
Profiles,Fayetteville,,5/13/21,,,17.676,2,,36.44411072,36.9636702,29.9257165,31.55867233,-1.63295583,-0.51955948
Profiles,Fayetteville,,5/13/21,,,17.487,3,,37.00143977,37.37305532,21.71775565,21.72295244,-0.00519679,-0.37161555
Profiles,Fayetteville,,5/13/21,,,17.084,4,,37.55862026,37.43885443,20.49538343,20.90273444,-0.40735101,0.11976583
Profiles,Fayetteville,,5/13/21,,,15.976,5,,38.5374417,38.63752237,11.99703386,10.33618747,1.66084639,-0.10008067
Profiles,Fayetteville,,5/13/21,,,14.881,6,,38.6296767,38.75650873,8.569079154,5.816521743,2.752557411,-0.12683203
Profiles,Fayetteville,,5/13/21,,,14.588,7,,38.7202093,38.85170097,6.962553834,4.563034173,2.399519661,-0.13149167
Profiles,Fayetteville,,5/13/21,,,14.15,8,,38.86125059,38.89286936,7.548775801,2.551054741,4.99772106,-0.03161877
Profiles,Richland Chambers,,5/26/21,,,23.465,0,,38.14801847,38.1304607,20.11134951,20.17627737,-0.06492786,0.01755777
Profiles,Richland Chambers,,5/26/21,,,23.452,1,,38.03042257,38.12044826,20.08041203,20.23828324,-0.15787121,-0.09002569
Profiles,Richland Chambers,,5/26/21,,,23.425,2,,38.03827827,38.07465809,19.90202182,20.39851312,-0.4964913,-0.03637982
Profiles,Richland Chambers,,5/26/21,,,23.437,3,,38.02087308,38.10120677,19.88192016,20.37640942,-0.49448926,-0.08033369
Profiles,Richland Chambers,,5/26/21,,,23.496,4,,38.06012934,38.09578056,19.89537393,19.8799246,0.01544933,-0.03565122
Profiles,Richland Chambers,,5/26/21,,,23.336,6,,38.04532711,38.23388137,19.35046043,19.02431304,0.32614739,-0.18855426
Profiles,Richland Chambers,,5/26/21,,,23.188,7,,38.06119289,38.08712379,18.47934772,18.55232769,-0.07297997,-0.0259309
Profiles,Richland Chambers,,5/26/21,,,23.167,8,,38.09495163,38.39266002,17.49489911,17.51941556,-0.02451645,-0.29770839
Profiles,Richland Chambers,,5/26/21,,,23.189,9,,38.14087421,38.10537453,17.28967681,17.15387256,0.13580425,0.03549968
Profiles,Richland Chambers,,5/26/21,,,23.197,10,,38.22910057,38.12493592,15.96122959,15.082455,0.87877459,0.10416465
Profiles,Richland Chambers,,5/26/21,,,23.197,11,,38.38136345,38.32993143,15.84418907,14.69837771,1.14581136,0.05143202
Profiles,Richland Chambers,,6/10/21,,,25.625,0,,38.27877198,38.32591701,22.78749043,22.75827765,0.02921278,-0.04714503
Profiles,Richland Chambers,,6/10/21,,,25.625,1,,38.29756387,38.30611045,22.86125824,22.99092468,-0.12966644,-0.00854658
Profiles,Richland Chambers,,6/10/21,,,25.625,2,,38.30915096,38.30121385,22.75014765,22.75281515,-0.0026675,0.00793711
Profiles,Richland Chambers,,6/10/21,,,25.5,3,,38.30730902,38.27671398,22.63681485,22.76225132,-0.12543647,0.03059504
Profiles,Richland Chambers,,6/10/21,,,25.5,4,,38.33413893,38.23687913,21.66428959,21.56973415,0.09455544,0.0972598
Profiles,Richland Chambers,,6/10/21,,,25.5,5,,38.371508,38.23256709,21.71134337,21.72444896,-0.01310559,0.13894091
Profiles,Richland Chambers,,6/10/21,,,25.5,6,,38.44860607,38.18407609,21.18465001,21.18106114,0.00358887,0.26452998
Profiles,Richland Chambers,,6/10/21,,,25.125,7,,38.34083622,38.18445936,20.76563724,20.97006203,-0.20442479,0.15637686
Profiles,Richland Chambers,,6/10/21,,,24.625,8,,38.38090569,38.16179943,20.13199329,20.21948963,-0.08749634,0.21910626
Profiles,Richland Chambers,,6/10/21,,,24.5,9,,38.70498056,39.02457743,11.21050075,10.48946232,0.72103843,-0.31959687
Profiles,Richland Chambers,,6/10/21,,,24.375,10,,38.69467457,38.97446181,11.20972692,10.29142715,0.91829977,-0.27978724
Profiles,Richland Chambers,,6/10/21,,,24.375,11,,38.67864203,38.37625544,10.44933392,9.296608759,1.152725161,0.30238659
Profiles,Richland Chambers,,6/22/21,,,28.55,0,,38.31482932,38.2393603,17.39796859,18.04936038,-0.65139179,0.07546902
Profiles,Richland Chambers,,6/22/21,,,28.533,1,,38.24683238,38.25076479,16.8109059,17.50124521,-0.69033931,-0.00393241
Profiles,Richland Chambers,,6/22/21,,,28.551,2,,38.35614994,38.21341809,13.38393039,15.39987767,-2.01594728,0.14273185
Profiles,Richland Chambers,,6/22/21,,,28.263,3,,38.8781743,38.29885295,15.55280809,12.61429772,2.93851037,0.57932135
Profiles,Richland Chambers,,6/22/21,,,27.369,4,,38.40053579,38.2678716,15.76560728,15.67593962,0.08966766,0.13266419
Profiles,Richland Chambers,,6/22/21,,,24.897,5,,38.68649992,38.58495496,9.154245796,10.08313053,-0.928884734,0.10154496
Profiles,Richland Chambers,,6/22/21,,,24.152,6,,38.6943902,38.47203315,7.121142797,8.718207417,-1.59706462,0.22235705
Profiles,Richland Chambers,,6/22/21,,,23.86,7,,38.75000402,38.51547291,8.312794972,10.0263212,-1.713526228,0.23453111
Profiles,Richland Chambers,,6/22/21,,,23.843,8,,38.76497084,38.54694633,10.72732174,10.02634217,0.70097957,0.21802451
Profiles,Richland Chambers,,6/22/21,,,23.828,9,,38.708121,38.45562349,9.205104525,10.08704074,-0.881936215,0.25249751
Profiles,Richland Chambers,,6/22/21,,,23.818,10,,39.50350661,38.53593165,9.057512012,10.34800856,-1.290496548,0.96757496
Profiles,Richland Chambers,,6/22/21,,,23.818,11,,38.77629156,38.57016809,9.018422848,9.442408209,-0.423985361,0.20612347
Profiles,Fayetteville,,6/24/21,,,26.747,0,,38.20986515,38.25532377,23.97883325,24.3137126,-0.33487935,-0.04545862
Profiles,Fayetteville,,6/24/21,,,26.651,1,,38.29666881,38.36638058,21.05287905,20.55357907,0.49929998,-0.06971177
Profiles,Fayetteville,,6/24/21,,,24.36,2,,38.54037241,38.31884971,13.22509393,13.62867304,-0.40357911,0.2215227
Profiles,Fayetteville,,6/24/21,,,21.402,3,,39.47848806,38.90142916,10.98837438,11.92399492,-0.93562054,0.5770589
Profiles,Fayetteville,,6/24/21,,,18.384,4,,39.91497209,39.58527307,9.120470593,10.96898006,-1.848509467,0.32969902
Profiles,Fayetteville,,6/24/21,,,16.85,5,,39.73344713,39.35419128,9.498665137,9.164014272,0.334650865,0.37925585
Profiles,Fayetteville,,6/24/21,,,15.438,6,,39.81640259,39.50524817,10.31913732,10.29029713,0.02884019,0.31115442
Profiles,Fayetteville,,6/24/21,,,15.078,7,,39.69373486,39.2344419,9.189134521,9.840563919,-0.651429398,0.45929296
Profiles,Fayetteville,,6/24/21,,,14.994,8,,39.46826115,39.26398021,9.757733399,8.977748317,0.779985082,0.20428094
Profiles,Fayetteville,,7/15/21,,,27.25,0,,38.11470406,38.13018927,21.03774083,21.59119365,-0.55345282,-0.01548521
Profiles,Fayetteville,,7/15/21,,,27.25,1,,38.07677746,38.11360428,21.05716565,20.99239865,0.064767,-0.03682682
Profiles,Fayetteville,,7/15/21,,,27.25,2,,38.14200985,38.0474598,20.13185446,20.476114,-0.34425954,0.09455005
Profiles,Fayetteville,,7/15/21,,,24.25,3,,38.47687699,38.22997963,12.4537644,11.69874589,0.75501851,0.24689736
Profiles,Fayetteville,,7/15/21,,,19.75,4,,40.16333217,39.65624173,9.505997394,9.548119864,-0.04212247,0.50709044
Profiles,Fayetteville,,7/15/21,,,16.25,5,,39.75937523,39.34805327,9.606974892,9.811175544,-0.204200652,0.41132196
Profiles,Fayetteville,,7/15/21,,,15.625,6,,39.32851918,39.00900592,8.737144845,9.162406534,-0.425261689,0.31951326
Profiles,Fayetteville,,7/15/21,,,15.25,7,,38.91706632,39.07523562,8.476941475,9.322995433,-0.846053958,-0.1581693
Profiles,Fayetteville,,7/15/21,,,14.812,8,,38.42424226,38.78084509,8.598558348,9.6643707,-1.065812352,-0.35660283
Profiles,Richland Chambers,,7/16/21,,,29.355,0,,38.14217009,38.6518076,18.88665122,19.05004427,-0.16339305,-0.50963751
Profiles,Richland Chambers,,7/16/21,,,29.34,1,,38.14018561,38.63104822,19.2203557,19.2172882,0.0030675,-0.49086261
Profiles,Richland Chambers,,7/16/21,,,29.362,2,,38.20034984,38.63981847,18.8723517,19.2958252,-0.4234735,-0.43946863
Profiles,Richland Chambers,,7/16/21,,,29.253,3,,38.15471182,38.65762721,18.91504103,18.79591449,0.11912654,-0.50291539
Profiles,Richland Chambers,,7/16/21,,,29.366,4,,38.21657591,38.58763519,18.55081331,19.01882666,-0.46801335,-0.37105928
Profiles,Richland Chambers,,7/16/21,,,29.34,5,,38.18757487,38.60241903,18.50013049,18.91102325,-0.41089276,-0.41484416
Profiles,Richland Chambers,,7/16/21,,,29.204,6,,38.22298209,38.57085437,18.15209448,18.60571598,-0.4536215,-0.34787228
Profiles,Richland Chambers,,7/16/21,,,28.763,7,,38.24184592,38.15218927,17.15610268,17.88259766,-0.72649498,0.08965665
Profiles,Richland Chambers,,7/16/21,,,28.635,8,,38.25560492,38.1278285,13.23678046,13.58370908,-0.34692862,0.12777642
Profiles,Richland Chambers,,7/16/21,,,28.708,9,,38.30023749,38.24971933,13.24769539,12.74223686,0.50545853,0.05051816
Profiles,Richland Chambers,,7/16/21,,,28.571,10,,38.24969923,38.15723372,10.14537353,11.95125017,-1.80587664,0.09246551
Profiles,Richland Chambers,,7/16/21,,,28.571,11,,38.29001115,38.14087192,8.851854057,9.610152655,-0.758298598,0.14913923
Profiles,Richland Chambers,,7/27/21,,,30.862,0,,38.21496177,38.15808087,23.69583254,23.13318028,0.56265226,0.0568809
Profiles,Richland Chambers,,7/27/21,,,30.77,1,,38.20157669,38.59128738,24.64502177,23.14949717,1.4955246,-0.38971069
Profiles,Richland Chambers,,7/27/21,,,30.756,2,,38.24405414,38.55444665,24.36182895,23.01542198,1.34640697,-0.31039251
Profiles,Richland Chambers,,7/27/21,,,30.768,3,,38.26261598,38.54973228,23.75003602,22.51836314,1.23167288,-0.2871163
Profiles,Richland Chambers,,7/27/21,,,30.631,4,,38.20848811,38.56243113,24.06305644,22.76593762,1.29711882,-0.35394302
Profiles,Richland Chambers,,7/27/21,,,30.692,5,,38.22063654,38.56357343,22.81059888,22.05572109,0.75487779,-0.34293689
Profiles,Richland Chambers,,7/27/21,,,30.538,6,,38.23758049,38.51894382,20.98964748,20.9540071,0.03564038,-0.28136333
Profiles,Richland Chambers,,7/27/21,,,30.161,7,,38.2489337,38.5555176,18.59333055,19.47284924,-0.87951869,-0.3065839
Profiles,Richland Chambers,,7/27/21,,,28.629,8,,38.35034576,38.01722466,10.83176324,12.73085834,-1.8990951,0.3331211
Profiles,Richland Chambers,,7/27/21,,,28.6,9,,38.37062724,38.02976689,8.918669226,11.01593944,-2.097270214,0.34086035
Profiles,Richland Chambers,,7/27/21,,,27.241,10,,38.5586223,38.14460952,8.689209959,9.983491411,-1.294281452,0.41401278
Profiles,Richland Chambers,,7/27/21,,,27.241,11,,38.25817875,38.24239246,8.001773989,9.417616894,-1.415842905,0.01578629
Profiles,Fayetteville,,8/10/21,,,28.696,0,,37.89120402,37.72370343,22.77403293,22.88933744,-0.11530451,0.16750059
Profiles,Fayetteville,,8/10/21,,,28.695,1,,37.843615,37.74329557,22.68616596,23.0016821,-0.31551614,0.10031943
Profiles,Fayetteville,,8/10/21,,,28.111,2,,37.81967571,37.75037478,21.77130018,21.86687393,-0.09557375,0.06930093
Profiles,Fayetteville,,8/10/21,,,26.729,3,,37.93685115,37.82181255,14.33003278,14.43851006,-0.10847728,0.1150386
Profiles,Fayetteville,,8/10/21,,,23.386,4,,38.23080592,38.20299732,15.26695285,14.15269087,1.11426198,0.0278086
Profiles,Fayetteville,,8/10/21,,,19.056,5,,39.43503822,39.19680465,10.42694165,11.287989,-0.86104735,0.23823357
Profiles,Fayetteville,,8/10/21,,,16.97,6,,38.29062894,38.51932474,6.678963167,8.856988683,-2.178025516,-0.2286958
Profiles,Fayetteville,,8/10/21,,,15.877,7,,37.75520726,38.00193829,7.287623007,9.162582681,-1.874959674,-0.24673103
Profiles,Fayetteville,,8/10/21,,,15.414,8,,38.05615356,38.01522723,7.510952452,8.594068456,-1.083116004,0.04092633
Profiles,Richland Chambers,,8/14/21,,,30.314,0,,38.27875186,38.53100529,19.79803261,20.69730261,-0.89927,-0.25225343
Profiles,Richland Chambers,,8/14/21,,,30.417,1,,38.27620224,38.64940116,20.19207334,20.77114701,-0.57907367,-0.37319892
Profiles,Richland Chambers,,8/14/21,,,30.584,2,,38.331077,38.58021697,20.62323472,20.77042349,-0.14718877,-0.24913997
Profiles,Richland Chambers,,8/14/21,,,30.563,3,,38.32913345,39.21976013,19.44465884,19.64808205,-0.20342321,-0.89062668
Profiles,Richland Chambers,,8/14/21,,,30.75,4,,38.29872772,38.56988855,20.08150739,19.78540479,0.2961026,-0.27116083
Profiles,Richland Chambers,,8/14/21,,,30.641,5,,38.37133347,38.8179946,19.3423763,19.25502327,0.08735303,-0.44666113
Profiles,Richland Chambers,,8/14/21,,,30.59,6,,38.30143072,38.53110783,17.81423956,18.42261195,-0.60837239,-0.22967711
Profiles,Richland Chambers,,8/14/21,,,30.107,7,,38.248654,38.5237883,17.32909961,17.83772235,-0.50862274,-0.2751343
Profiles,Richland Chambers,,8/14/21,,,29.28,8,,38.27043883,38.98821013,11.11100416,9.936740292,1.174263868,-0.7177713
Profiles,Richland Chambers,,8/14/21,,,29.27,9,,38.31895685,38.39919715,8.297307631,6.707011172,1.590296459,-0.0802403
Profiles,Richland Chambers,,8/14/21,,,28.502,10,,38.27228638,37.96192569,8.074356715,9.979168267,-1.904811552,0.31036069
Profiles,Richland Chambers,,8/14/21,,,28.502,11,,38.25532985,37.9062483,8.453401768,8.807531946,-0.354130178,0.34908155
Profiles,Richland Chambers,,9/9/21,,,29.125,0,,38.36117464,38.4890155,15.91144454,15.82367274,0.0877718,-0.12784086
Profiles,Richland Chambers,,9/9/21,,,29.125,1,,38.63093294,38.51790471,15.93730601,15.6523035,0.28500251,0.11302823
Profiles,Richland Chambers,,9/9/21,,,29.125,2,,38.33628168,38.49292165,16.19754533,15.83069153,0.3668538,-0.15663997
Profiles,Richland Chambers,,9/9/21,,,29.125,3,,38.29045581,38.48303904,16.17415995,15.31280284,0.86135711,-0.19258323
Profiles,Richland Chambers,,9/9/21,,,29.125,4,,38.29143844,38.45918521,15.54972675,14.00694864,1.54277811,-0.16774677
Profiles,Richland Chambers,,9/9/21,,,29.125,5,,38.35347945,38.43301139,15.41039674,13.46853389,1.94186285,-0.07953194
Profiles,Richland Chambers,,9/9/21,,,29.125,6,,38.31725144,38.41915649,12.44195107,9.778928774,2.663022296,-0.10190505
Profiles,Richland Chambers,,9/9/21,,,27.5,7,,38.33647946,38.04052948,8.307197277,8.126747996,0.180449281,0.29594998
Profiles,Richland Chambers,,9/9/21,,,27.5,8,,38.57706235,38.04713826,8.752716396,8.7133877,0.039328696,0.52992409
Profiles,Richland Chambers,,9/9/21,,,27.5,9,,38.42918981,38.0863299,8.144832925,8.135921846,0.008911079,0.34285991
Profiles,Richland Chambers,,9/9/21,,,26.5,10,,38.22483033,38.00807846,7.994933426,8.205302686,-0.21036926,0.21675187
Profiles,Richland Chambers,,9/9/21,,,26.5,11,,38.38735464,38.0266916,8.110272646,8.074310872,0.035961774,0.36066304
Profiles,Fayetteville,,9/15/21,,,26.429,0,,38.03719935,38.03462851,20.09352463,20.2544633,-0.16093867,0.00257084
Profiles,Fayetteville,,9/15/21,,,26.477,1,,38.07276611,37.95591067,19.91690012,19.90690572,0.0099944,0.11685544
Profiles,Fayetteville,,9/15/21,,,26.375,2,,38.25459262,38.00829492,20.24783233,20.12458149,0.12325084,0.2462977
Profiles,Fayetteville,,9/15/21,,,25.778,3,,38.04381055,38.26085635,19.60606588,19.49302198,0.1130439,-0.2170458
Profiles,Fayetteville,,9/15/21,,,24.03,4,,38.40476462,38.26919113,8.592106156,9.794386477,-1.202280321,0.13557349
Profiles,Fayetteville,,9/15/21,,,18.286,5,,39.06101777,38.36420221,7.501167027,8.501682476,-1.000515449,0.69681556
Profiles,Fayetteville,,9/15/21,,,16.275,6,,37.09521191,37.49004224,6.330570366,6.998171671,-0.667601305,-0.39483033
Profiles,Fayetteville,,9/15/21,,,15.313,7,,37.2628799,37.9101991,5.673060547,7.182109793,-1.509049246,-0.6473192
Profiles,Fayetteville,,9/15/21,,,15.045,8,,37.16697697,37.65018482,5.738814758,8.412659195,-2.673844437,-0.48320785
Profiles,Fayetteville,,10/22/21,,,18.487,0,,39.28113589,38.6918747,10.15565677,11.00652952,-0.85087275,0.58926119
Profiles,Fayetteville,,10/22/21,,,18.322,1,,38.84334739,39.50227266,9.226303312,11.39734342,-2.171040108,-0.65892527
Profiles,Fayetteville,,10/22/21,,,18.363,2,,38.88810731,38.59886505,9.997910549,11.72105265,-1.723142101,0.28924226
Profiles,Fayetteville,,10/22/21,,,18.273,3,,40.40257971,38.57772324,10.18487881,12.06732669,-1.88244788,1.82485647
Profiles,Fayetteville,,10/22/21,,,18.339,4,,38.86047775,39.24675796,9.751071172,10.83453725,-1.083466078,-0.38628021
Profiles,Fayetteville,,10/22/21,,,18.339,5,,38.77329972,38.61986877,9.41928888,11.21295449,-1.79366561,0.15343095
Profiles,Fayetteville,,10/22/21,,,18.322,6,,38.82733818,38.52411588,8.954503439,10.78233886,-1.827835421,0.3032223
Profiles,Fayetteville,,10/22/21,,,17.064,7,,36.55740717,36.67728174,6.23380007,5.998001445,0.235798625,-0.11987457
Sediment Incubations,,,20181029,LP,SB-10,,,T1,39.25689802,38.77695294,8.37094481,7.399231963,0.971712847,0.47994508
Sediment Incubations,,,20181029,LP,SB-10,,,T2,39.72835499,39.65103997,3.836093824,2.792439481,1.043654343,0.07731502
Sediment Incubations,,,20181029,LP,SB-10,,,T3,39.59515655,39.22065635,1.581832327,1.05090582,0.530926507,0.3745002
Sediment Incubations,,,20181105,LP,SB-10,,,T1,38.73604191,38.6186683,5.275720386,5.456186066,-0.18046568,0.11737361
Sediment Incubations,,,20181105,LP,SB-10,,,T2,38.85410949,38.75999056,1.501091962,1.64079563,-0.139703668,0.09411893
Sediment Incubations,,,20181105,LP,SB-10,,,T3,38.83350004,38.48775318,1.450098075,1.379539881,0.070558194,0.34574686
Sediment Incubations,,,20181113,SW,SB-10,,,T1,37.91669662,37.84131467,19.92756969,19.82085002,0.10671967,0.07538195
Sediment Incubations,,,20181113,SW,SB-10,,,T2,37.95919128,37.86091358,19.80264407,19.5776481,0.22499597,0.0982777
Sediment Incubations,,,20181113,SW,SB-10,,,T3,37.99517833,37.78561972,19.60053705,19.47660757,0.12392948,0.20955861
Sediment Incubations,,,20181126,LP,SB-10,,,T1,38.48682792,38.26660919,5.573563215,4.805761807,0.767801408,0.22021873
Sediment Incubations,,,20181126,LP,SB-10,,,T2,38.79567013,38.31281007,1.01396777,1.433154789,-0.419187019,0.48286006
Sediment Incubations,,,20181126,LP,SB-10,,,T3,38.88131114,38.38093272,0.650120308,1.144831782,-0.494711474,0.50037842
Sediment Incubations,,,20181210,SW,SB-10,,,T1,37.53333304,37.62471864,16.45389427,16.10425258,0.34964169,-0.0913856
Sediment Incubations,,,20181210,SW,SB-10,,,T2,38.06087059,38.02095673,17.39808154,17.27349517,0.12458637,0.03991386
Sediment Incubations,,,20181210,SW,SB-10,,,T3,38.10266134,38.06861644,17.17549567,17.30860617,-0.1331105,0.0340449
Sediment Incubations,,,20190204,LP,SB-10,,,T1,38.06337251,38.11081952,11.9955873,11.41693105,0.57865625,-0.04744701
Sediment Incubations,,,20190204,LP,SB-10,,,T2,38.12104291,38.11564137,12.62402317,12.67881022,-0.05478705,0.00540154
Sediment Incubations,,,20190204,LP,SB-10,,,T3,38.12688061,38.18429528,11.20164934,11.43511493,-0.23346559,-0.05741467
Sediment Incubations,,,20181029,LP N,SB-11,,,T1,40.04884032,40.79191651,4.737144795,4.240896075,0.49624872,-0.74307619
Sediment Incubations,,,20181029,LP N,SB-11,,,T2,40.65109355,41.52914944,0.967804911,1.476885297,-0.509080386,-0.87805589
Sediment Incubations,,,20181029,LP N,SB-11,,,T3,41.49173675,41.6302608,0.571599186,0.448851921,0.122747265,-0.13852405
Sediment Incubations,,,20181105,N,SB-11,,,T1,37.99032239,38.99466751,19.01239884,18.95924886,0.05314998,-1.00434512
Sediment Incubations,,,20181105,N,SB-11,,,T2,37.98123679,37.9180321,19.07575319,19.09217925,-0.01642606,0.06320469
Sediment Incubations,,,20181105,N,SB-11,,,T3,38.81181043,37.89660284,18.98765021,18.83944387,0.14820634,0.91520759
Sediment Incubations,,,20181113,LP N,SB-11,,,T1,40.37348975,40.27383327,5.41906059,4.679148648,0.739911942,0.09965648
Sediment Incubations,,,20181113,LP N,SB-11,,,T2,41.84649073,41.33414107,2.381504556,2.770343578,-0.388839022,0.51234966
Sediment Incubations,,,20181113,LP N,SB-11,,,T3,42.36106521,41.90360771,2.10550062,2.63578903,-0.53028841,0.4574575
Sediment Incubations,,,20181126,N,SB-11,,,T1,37.91442882,38.10718121,17.95273118,17.90325228,0.0494789,-0.19275239
Sediment Incubations,,,20181126,N,SB-11,,,T2,38.03509229,37.88735454,18.08303055,18.0538096,0.02922095,0.14773775
Sediment Incubations,,,20181126,N,SB-11,,,T3,38.0512446,37.99436612,18.22150485,18.21278124,0.00872361,0.05687848
Sediment Incubations,,,20181210,LP N,SB-11,,,T1,38.57189052,38.55731333,7.568370539,7.501641981,0.066728558,0.01457719
Sediment Incubations,,,20181210,LP N,SB-11,,,T2,38.85147296,38.77626218,8.649526403,8.696133923,-0.04660752,0.07521078
Sediment Incubations,,,20190204,LP N,SB-11,,,T1,38.39756823,38.48657706,10.56417748,10.0958923,0.46828518,-0.08900883
Sediment Incubations,,,20190204,LP N,SB-11,,,T2,38.44512086,38.4580767,9.6767672,9.630299533,0.046467667,-0.01295584
Sediment Incubations,,,20190204,LP N,SB-11,,,T3,38.542011,38.5770913,9.213654674,9.306877768,-0.093223094,-0.0350803
Sediment Incubations,,,20181029,LP,SB-1,,,T1,40.09179968,40.7920721,3.244618109,2.397662253,0.846955856,-0.70027242
Sediment Incubations,,,20181029,LP,SB-1,,,T2,39.95470755,39.02375762,1.800539241,1.484598666,0.315940575,0.93094993
Sediment Incubations,,,20181029,LP,SB-1,,,T3,39.85456035,39.81367911,0.681022647,0.622169573,0.058853074,0.04088124
Sediment Incubations,,,20181105,SW,SB-1,,,T1,37.94315341,37.80802539,18.71959043,18.85116357,-0.13157314,0.13512802
Sediment Incubations,,,20181105,SW,SB-1,,,T2,37.94510162,37.88153725,18.99655905,18.85630703,0.14025202,0.06356437
Sediment Incubations,,,20181105,SW,SB-1,,,T3,37.96711649,37.88446232,18.69638159,18.65990362,0.03647797,0.08265417
Sediment Incubations,,,20181113,SW,SB-1,,,T1,37.92140992,37.82795656,19.29994847,19.34063904,-0.04069057,0.09345336
Sediment Incubations,,,20181113,SW,SB-1,,,T2,37.86988171,37.8192204,19.29627536,19.21084699,0.08542837,0.05066131
Sediment Incubations,,,20181113,SW,SB-1,,,T3,37.90525951,37.7126405,19.30517598,19.17201729,0.13315869,0.19261901
Sediment Incubations,,,20181126,SW,SB-1,,,T1,37.89896583,37.81886342,18.68072165,18.28493762,0.39578403,0.08010241
Sediment Incubations,,,20181126,SW,SB-1,,,T2,37.88807479,37.74797761,18.92259672,18.72964955,0.19294717,0.14009718
Sediment Incubations,,,20181126,SW,SB-1,,,T3,37.94563122,37.83175517,18.93169096,18.72728703,0.20440393,0.11387605
Sediment Incubations,,,20181210,LP,SB-1,,,T1,38.06074542,38.06280858,7.696976237,7.761371362,-0.064395125,-0.00206316
Sediment Incubations,,,20181210,LP,SB-1,,,T2,38.24946255,38.14410493,7.997685452,8.088037865,-0.090352413,0.10535762
Sediment Incubations,,,20181210,LP,SB-1,,,T3,38.29143699,38.21292246,7.793887105,7.882367329,-0.088480224,0.07851453
Sediment Incubations,,,20190204,SW,SB-1,,,T1,37.94837642,37.96162693,17.53544016,17.46000505,0.07543511,-0.01325051
Sediment Incubations,,,20190204,SW,SB-1,,,T2,38.00610272,38.04373158,18.3085921,18.26102166,0.04757044,-0.03762886
Sediment Incubations,,,20190204,SW,SB-1,,,T3,38.06473558,38.05076436,18.05473897,17.7903517,0.26438727,0.01397122
Sediment Incubations,,,20181029,N,SB-12,,,T1,38.04242291,38.0424861,17.60211173,18.03572581,-0.43361408,-6.319E-05
Sediment Incubations,,,20181029,N,SB-12,,,T2,38.03490324,38.22447377,17.57266234,17.49824948,0.07441286,-0.18957053
Sediment Incubations,,,20181029,N,SB-12,,,T3,38.044918,38.12035094,17.31023517,17.40825041,-0.09801524,-0.07543294
Sediment Incubations,,,20181105,N,SB-12,,,T1,37.95787787,37.87831796,18.62300036,18.59985456,0.0231458,0.07955991
Sediment Incubations,,,20181105,N,SB-12,,,T2,37.95984209,37.90086215,18.98059196,18.94893292,0.03165904,0.05897994
Sediment Incubations,,,20181105,N,SB-12,,,T3,38.0420273,37.88787571,18.87811408,18.69594536,0.18216872,0.15415159
Sediment Incubations,,,20181113,N,SB-12,,,T1,37.94251688,37.88477586,19.15085874,19.09339084,0.0574679,0.05774102
Sediment Incubations,,,20181113,N,SB-12,,,T2,37.99774445,37.91458344,19.31439489,19.15147987,0.16291502,0.08316101
Sediment Incubations,,,20181113,N,SB-12,,,T3,38.02942994,37.86671921,19.02198792,18.88579198,0.13619594,0.16271073
Sediment Incubations,,,20181126,N,SB-12,,,T1,37.96771145,38.30306627,19.88584015,19.63393079,0.25190936,-0.33535482
Sediment Incubations,,,20181126,N,SB-12,,,T2,37.98982121,37.85251085,19.60204553,19.4746757,0.12736983,0.13731036
Sediment Incubations,,,20181126,N,SB-12,,,T3,37.98804766,37.92622185,19.38100728,19.14636331,0.23464397,0.06182581
Sediment Incubations,,,20181210,N,SB-12,,,T1,37.98031662,37.91523504,19.87768363,19.67616301,0.20152062,0.06508158
Sediment Incubations,,,20181210,N,SB-12,,,T2,37.98415749,37.93532179,19.54775923,19.3807897,0.16696953,0.0488357
Sediment Incubations,,,20181210,N,SB-12,,,T3,37.98057253,38.05841637,19.19839002,19.14270807,0.05568195,-0.07784384
Sediment Incubations,,,20190204,N,SB-12,,,T1,37.98828296,37.97388675,19.98352277,19.93305627,0.0504665,0.01439621
Sediment Incubations,,,20190204,N,SB-12,,,T2,37.95773955,37.97437398,19.93935047,19.72260967,0.2167408,-0.01663443
Sediment Incubations,,,20190204,N,SB-12,,,T3,37.98220219,37.99460971,19.68394017,19.61867245,0.06526772,-0.01240752
Sediment Incubations,,,20181029,LP N,SB-15,,,T1,39.37271648,38.64273949,8.122641964,6.701425286,1.421216678,0.72997699
Sediment Incubations,,,20181029,LP N,SB-15,,,T2,39.81948379,39.82296483,6.026007466,5.290025748,0.735981718,-0.00348104
Sediment Incubations,,,20181029,LP N,SB-15,,,T3,40.38796359,40.93266532,4.821015318,4.268046681,0.552968637,-0.54470173
Sediment Incubations,,,20181105,N,SB-15,,,T1,37.99540876,37.93550267,19.25393717,19.06201469,0.19192248,0.05990609
Sediment Incubations,,,20181105,N,SB-15,,,T2,37.98002541,37.91693963,19.11930639,19.02441788,0.09488851,0.06308578
Sediment Incubations,,,20181105,N,SB-15,,,T3,38.05329088,37.89412188,18.61714107,18.6540682,-0.03692713,0.159169
Sediment Incubations,,,20181113,N,SB-15,,,T1,37.95475145,37.87773107,19.17184237,18.96787799,0.20396438,0.07702038
Sediment Incubations,,,20181113,N,SB-15,,,T2,38.15442415,37.91800137,19.26095368,19.10668801,0.15426567,0.23642278
Sediment Incubations,,,20181113,N,SB-15,,,T3,38.00173129,37.75117748,18.92030014,18.7013569,0.21894324,0.25055381
Sediment Incubations,,,20181126,LP N,SB-15,,,T1,39.97828928,39.70987196,6.874689653,6.857905096,0.016784557,0.26841732
Sediment Incubations,,,20181126,LP N,SB-15,,,T2,40.90084019,40.6158645,6.422909188,6.354274838,0.06863435,0.28497569
Sediment Incubations,,,20181126,LP N,SB-15,,,T3,41.15837322,40.83317135,6.173263958,6.099564135,0.073699823,0.32520187
Sediment Incubations,,,20190204,N,SB-15,,,T1,38.00499279,38.01112585,17.63582586,17.70855109,-0.07272523,-0.00613306
Sediment Incubations,,,20190204,N,SB-15,,,T2,38.0992828,38.0908265,17.62346019,17.13758624,0.48587395,0.0084563
Sediment Incubations,,,20190204,N,SB-15,,,T3,38.1502246,38.13650586,17.6634395,17.50009237,0.16334713,0.01371874
Sediment Incubations,,,20181029,LP,SB-16,,,T1,39.55021166,38.83289428,4.901332751,3.505701149,1.395631602,0.71731738
Sediment Incubations,,,20181029,LP,SB-16,,,T2,39.61031052,39.10612558,2.280877767,1.527336983,0.753540784,0.50418494
Sediment Incubations,,,20181029,LP,SB-16,,,T3,39.47151225,39.23213406,1.378200705,1.035113109,0.343087596,0.23937819
Sediment Incubations,,,20181105,LP,SB-16,,,T1,38.94333963,38.87650418,3.928826652,4.16199964,-0.233172988,0.06683545
Sediment Incubations,,,20181105,LP,SB-16,,,T2,38.73497708,38.73943726,3.950836658,3.467113142,0.483723516,-0.00446018
Sediment Incubations,,,20181105,LP,SB-16,,,T3,38.9384737,38.49761534,1.964941979,1.897396132,0.067545847,0.44085836
Sediment Incubations,,,20181113,LP,SB-16,,,T1,38.87872677,38.45197035,1.581347123,2.095202298,-0.513855175,0.42675642
Sediment Incubations,,,20181113,LP,SB-16,,,T2,38.88528269,38.45711,0.963228481,1.202649441,-0.23942096,0.42817269
Sediment Incubations,,,20181113,LP,SB-16,,,T3,38.84232241,38.44133662,0.900026542,0.599217134,0.300809408,0.40098579
Sediment Incubations,,,20181126,SW,SB-16,,,T1,37.97190124,38.25005048,19.96196882,19.66919356,0.29277526,-0.27814924
Sediment Incubations,,,20181126,SW,SB-16,,,T2,38.02269355,37.81914047,19.48782084,19.41504077,0.07278007,0.20355308
Sediment Incubations,,,20181126,SW,SB-16,,,T3,38.01326381,37.88677952,19.39111859,19.16184067,0.22927792,0.12648429
Sediment Incubations,,,20181210,SW,SB-16,,,T1,39.16572219,37.89881146,19.93186828,19.65290234,0.27896594,1.26691073
Sediment Incubations,,,20181210,SW,SB-16,,,T2,37.95616876,37.90722022,19.80625571,19.39409643,0.41215928,0.04894854
Sediment Incubations,,,20181210,SW,SB-16,,,T3,37.95738432,37.96340012,19.49202121,19.22177923,0.27024198,-0.0060158
Sediment Incubations,,,20190204,SW,SB-16,,,T1,37.95669093,37.93527741,18.98253464,18.89349627,0.08903837,0.02141352
Sediment Incubations,,,20190204,SW,SB-16,,,T2,38.00064486,39.23543381,18.12748257,18.25357934,-0.12609677,-1.23478895
Sediment Incubations,,,20190204,SW,SB-16,,,T3,38.14048123,38.00671017,18.26708732,18.14733592,0.1197514,0.13377106
Sediment Incubations,,,20181029,LP N,SB-19,,,T1,39.42437816,38.88264339,7.767104113,6.410855099,1.356249014,0.54173477
Sediment Incubations,,,20181029,LP N,SB-19,,,T2,39.77543269,39.91777781,3.479238428,2.647256727,0.831981701,-0.14234512
Sediment Incubations,,,20181029,LP N,SB-19,,,T3,40.33909308,40.56704822,1.138057992,0.638986725,0.499071267,-0.22795514
Sediment Incubations,,,20181105,LP N,SB-19,,,T1,39.19743402,39.27924278,10.871759,10.8112734,0.0604856,-0.08180876
Sediment Incubations,,,20181105,LP N,SB-19,,,T2,39.94845305,39.97805665,7.282936918,7.441224538,-0.15828762,-0.0296036
Sediment Incubations,,,20181105,LP N,SB-19,,,T3,40.98806904,40.82873489,5.071042761,5.063735777,0.007306984,0.15933415
Sediment Incubations,,,20181113,N,SB-19,,,T1,37.8930166,37.83660035,19.97134651,19.67811228,0.29323423,0.05641625
Sediment Incubations,,,20181113,N,SB-19,,,T2,37.95189984,37.85182584,19.5874884,19.45388638,0.13360202,0.100074
Sediment Incubations,,,20181113,N,SB-19,,,T3,37.93175748,37.66911959,19.42279044,19.24225397,0.18053647,0.26263789
Sediment Incubations,,,20181126,N,SB-19,,,T1,38.18315521,38.3623586,18.43126542,18.28510442,0.146161,-0.17920339
Sediment Incubations,,,20181126,N,SB-19,,,T2,38.24316715,38.03914213,18.5844932,18.45902787,0.12546533,0.20402502
Sediment Incubations,,,20181126,N,SB-19,,,T3,38.21905428,38.09264122,18.66746165,18.29621492,0.37124673,0.12641306
Sediment Incubations,,,20181210,N,SB-19,,,T1,37.56867534,39.14154033,17.16326476,17.04952722,0.11373754,-1.57286499
Sediment Incubations,,,20181210,N,SB-19,,,T2,38.1551469,38.10436058,18.27771778,18.18353061,0.09418717,0.05078632
Sediment Incubations,,,20181210,N,SB-19,,,T3,38.25267162,38.27998964,18.28143028,18.20255283,0.07887745,-0.02731802
Sediment Incubations,,,20190204,LP N,SB-19,,,T1,38.27534806,38.35506743,10.40725704,9.990042137,0.417214903,-0.07971937
Sediment Incubations,,,20190204,LP N,SB-19,,,T2,38.50962078,38.54760826,9.029952657,8.726449871,0.303502786,-0.03798748
Sediment Incubations,,,20190204,LP N,SB-19,,,T3,38.62397471,38.65470256,8.739110081,8.644765059,0.094345022,-0.03072785
Sediment Incubations,,,20181029,SW,SB-20,,,T1,38.11751581,38.06050675,16.93964921,16.96699739,-0.02734818,0.05700906
Sediment Incubations,,,20181029,SW,SB-20,,,T2,37.96833183,38.11717358,17.66765936,17.64165716,0.0260022,-0.14884175
Sediment Incubations,,,20181029,SW,SB-20,,,T3,37.94980945,38.03719369,17.61260301,17.69791224,-0.08530923,-0.08738424
Sediment Incubations,,,20181105,SW,SB-20,,,T1,38.03561058,37.93729108,20.00716357,19.87257523,0.13458834,0.0983195
Sediment Incubations,,,20181105,SW,SB-20,,,T2,38.04727456,37.93573564,19.82937474,19.74422403,0.08515071,0.11153892
Sediment Incubations,,,20181105,SW,SB-20,,,T3,38.03403804,37.9407506,19.55571612,19.35811096,0.19760516,0.09328744
Sediment Incubations,,,20181113,LP,SB-20,,,T1,38.54681391,38.21690144,3.104448145,3.234490336,-0.130042191,0.32991247
Sediment Incubations,,,20181113,LP,SB-20,,,T2,38.72638768,38.28819697,0.983176269,1.130131405,-0.146955136,0.43819071
Sediment Incubations,,,20181113,LP,SB-20,,,T3,38.71937753,38.22208327,0.954084081,1.489176867,-0.535092786,0.49729426
Sediment Incubations,,,20181126,LP,SB-20,,,T1,38.31343236,38.03123824,6.040456096,5.482818502,0.557637594,0.28219412
Sediment Incubations,,,20181126,LP,SB-20,,,T2,38.32401928,38.08153214,6.090755217,6.134495608,-0.043740391,0.24248714
Sediment Incubations,,,20181126,LP,SB-20,,,T3,38.25856173,38.06933092,6.247873099,6.024159195,0.223713904,0.18923081
Sediment Incubations,,,20181210,LP,SB-20,,,T1,38.27524849,38.112178,5.941405785,5.997504498,-0.056098713,0.16307049
Sediment Incubations,,,20181210,LP,SB-20,,,T2,38.37282006,38.2068556,5.603388958,5.497002963,0.106385995,0.16596446
Sediment Incubations,,,20181210,LP,SB-20,,,T3,38.37097215,38.20676102,5.064659246,5.196578753,-0.131919507,0.16421113
Sediment Incubations,,,20190204,LP,SB-20,,,T1,38.04783295,38.07678457,11.34782886,11.03528311,0.31254575,-0.02895162
Sediment Incubations,,,20190204,LP,SB-20,,,T2,38.12100282,38.15669178,12.37535759,11.7721481,0.60320949,-0.03568896
Sediment Incubations,,,20190204,LP,SB-20,,,T3,38.17168711,38.1761528,11.54855202,11.60043604,-0.05188402,-0.00446569
Sediment Incubations,,,20181029,N,SB-2,,,T1,38.00048242,38.06825656,18.09753743,17.95116275,0.14637468,-0.06777414
Sediment Incubations,,,20181029,N,SB-2,,,T2,38.03602348,37.92689055,18.45851275,18.40304343,0.05546932,0.10913293
Sediment Incubations,,,20181029,N,SB-2,,,T3,38.31079878,38.04883916,18.21713992,18.38131309,-0.16417317,0.26195962
Sediment Incubations,,,20181105,LP N,SB-2,,,T1,42.80448239,42.62422612,2.011558875,2.309263153,-0.297704278,0.18025627
Sediment Incubations,,,20181105,LP N,SB-2,,,T2,43.97541796,43.98424647,1.439750588,1.714628259,-0.274877671,-0.00882851
Sediment Incubations,,,20181105,LP N,SB-2,,,T3,44.77385977,44.43874308,1.399960693,1.672682192,-0.272721499,0.33511669
Sediment Incubations,,,20181113,LP N,SB-2,,,T1,41.79404898,41.38687231,2.783904689,3.135428946,-0.351524257,0.40717667
Sediment Incubations,,,20181113,LP N,SB-2,,,T2,42.98886185,42.36666127,1.479300948,2.284020746,-0.804719798,0.62220058
Sediment Incubations,,,20181113,LP N,SB-2,,,T3,43.59201627,42.8853806,1.283142705,2.718982984,-1.435840279,0.70663567
Sediment Incubations,,,20181126,N,SB-2,,,T1,37.99741883,37.90768246,18.01045276,17.97585058,0.03460218,0.08973637
Sediment Incubations,,,20181126,N,SB-2,,,T2,38.08758237,37.91339249,18.71648597,18.44709196,0.26939401,0.17418988
Sediment Incubations,,,20181126,N,SB-2,,,T3,38.12815638,38.04011002,18.64479045,18.32377717,0.32101328,0.08804636
Sediment Incubations,,,20181210,N,SB-2,,,T1,38.13039292,40.01634467,18.08106764,18.03197616,0.04909148,-1.88595175
Sediment Incubations,,,20181210,N,SB-2,,,T2,38.18245475,38.13381677,18.5905432,18.421684,0.1688592,0.04863798
Sediment Incubations,,,20181210,N,SB-2,,,T3,38.23992159,38.17728067,18.39181273,18.50741977,-0.11560704,0.06264092
Sediment Incubations,,,20190204,LP N,SB-2,,,T1,38.13312676,38.22522929,11.01207921,10.79928067,0.21279854,-0.09210253
Sediment Incubations,,,20190204,LP N,SB-2,,,T2,38.25520604,38.27599422,12.0635478,12.14430999,-0.08076219,-0.02078818
Sediment Incubations,,,20190204,LP N,SB-2,,,T3,38.30669709,38.34489473,11.52617391,11.18767624,0.33849767,-0.03819764
Sediment Incubations,,,20181029,SW,SB-3,,,T1,37.98714356,38.21155083,18.18911207,18.02128105,0.16783102,-0.22440727
Sediment Incubations,,,20181029,SW,SB-3,,,T2,37.95772561,37.89449066,18.02469377,17.90406507,0.1206287,0.06323495
Sediment Incubations,,,20181029,SW,SB-3,,,T3,37.99302821,37.96030015,18.13758115,18.08589045,0.0516907,0.03272806
Sediment Incubations,,,20181105,SW,SB-3,,,T1,37.95887151,37.86176368,19.07771034,19.01359771,0.06411263,0.09710783
Sediment Incubations,,,20181105,SW,SB-3,,,T2,38.01149459,37.88070297,19.23792099,19.20453104,0.03338995,0.13079162
Sediment Incubations,,,20181105,SW,SB-3,,,T3,38.0477668,37.86605941,19.12540373,19.149151,-0.02374727,0.18170739
Sediment Incubations,,,20181113,SW,SB-3,,,T1,37.77478102,37.71615064,16.96828547,17.250328,-0.28204253,0.05863038
Sediment Incubations,,,20181113,SW,SB-3,,,T2,37.93705608,37.84454042,18.61346149,18.40846135,0.20500014,0.09251566
Sediment Incubations,,,20181113,SW,SB-3,,,T3,37.96502114,37.7322117,18.72106242,18.42830509,0.29275733,0.23280944
Sediment Incubations,,,20181126,SW,SB-3,,,T1,37.94759072,37.89719145,18.56312761,18.39051779,0.17260982,0.05039927
Sediment Incubations,,,20181126,SW,SB-3,,,T2,37.97125648,37.83365735,19.11440144,18.88202782,0.23237362,0.13759913
Sediment Incubations,,,20181126,SW,SB-3,,,T3,37.97768108,37.94392188,18.88818723,18.64025753,0.2479297,0.0337592
Sediment Incubations,,,20181210,SW,SB-3,,,T1,37.77503155,37.74113976,18.59173532,18.24233608,0.34939924,0.03389179
Sediment Incubations,,,20181210,SW,SB-3,,,T2,37.86446872,37.82542957,18.50175024,18.12993598,0.37181426,0.03903915
Sediment Incubations,,,20181210,SW,SB-3,,,T3,37.91611322,37.92775902,17.28103583,17.20933833,0.0716975,-0.0116458
Sediment Incubations,,,20190204,LP,SB-3,,,T1,38.03619948,38.09271579,11.21937876,11.30222512,-0.08284636,-0.05651631
Sediment Incubations,,,20190204,LP,SB-3,,,T2,38.06815131,38.13570051,11.48470266,11.37407777,0.11062489,-0.0675492
Sediment Incubations,,,20190204,LP,SB-3,,,T3,38.14596503,38.19185574,10.72295689,10.58393689,0.13902,-0.04589071
Sediment Incubations,,,20181029,SW,SB-4,,,T1,38.06508067,37.96277023,19.85059583,19.77906988,0.07152595,0.10231044
Sediment Incubations,,,20181029,SW,SB-4,,,T2,37.96102488,37.88655371,19.72138461,19.53538914,0.18599547,0.07447117
Sediment Incubations,,,20181029,SW,SB-4,,,T3,38.17984361,37.93780007,19.6481128,19.58318515,0.06492765,0.24204354
Sediment Incubations,,,20181105,LP,SB-4,,,T1,38.77857873,38.56178736,7.290509014,8.101390326,-0.810881312,0.21679137
Sediment Incubations,,,20181105,LP,SB-4,,,T2,38.82887571,38.75946137,2.680762995,3.243711851,-0.562948856,0.06941434
Sediment Incubations,,,20181105,LP,SB-4,,,T3,38.81590299,38.50769856,2.185444799,2.145273895,0.040170904,0.30820443
Sediment Incubations,,,20181113,LP,SB-4,,,T1,38.68467303,38.39083276,2.747176364,3.068908197,-0.321731833,0.29384027
Sediment Incubations,,,20181113,LP,SB-4,,,T2,38.70440869,38.41115232,1.942423991,2.034207137,-0.091783146,0.29325637
Sediment Incubations,,,20181113,LP,SB-4,,,T3,38.67267365,38.36444457,1.159465278,1.44340482,-0.283939542,0.30822908
Sediment Incubations,,,20181126,LP,SB-4,,,T1,38.1198678,37.996351,9.605523342,8.860007373,0.745515969,0.1235168
Sediment Incubations,,,20181126,LP,SB-4,,,T2,38.1621849,37.98253209,9.498166872,9.730751803,-0.232584931,0.17965281
Sediment Incubations,,,20181126,LP,SB-4,,,T3,38.2288274,38.03676592,8.817558588,8.988528352,-0.170969764,0.19206148
Sediment Incubations,,,20181210,SW,SB-4,,,T1,37.70801611,37.75023152,17.83533811,17.88116065,-0.04582254,-0.04221541
Sediment Incubations,,,20181210,SW,SB-4,,,T2,37.92381303,37.93181355,17.40779247,17.01199417,0.3957983,-0.00800052
Sediment Incubations,,,20181210,SW,SB-4,,,T3,38.00366591,37.97872893,17.34067652,17.65827417,-0.31759765,0.02493698
Sediment Incubations,,,20190204,SW,SB-4,,,T1,37.88542859,37.887258,18.83529128,18.66359877,0.17169251,-0.00182941
Sediment Incubations,,,20190204,SW,SB-4,,,T2,37.94088524,37.98488459,18.0077269,17.94696688,0.06076002,-0.04399935
Sediment Incubations,,,20190204,SW,SB-4,,,T3,37.99996099,38.02515087,17.70566705,17.62242783,0.08323922,-0.02518988
Sediment Incubations,,,20181029,N,SB-5,,,T1,38.13687862,38.09169094,18.06866482,17.99281723,0.07584759,0.04518768
Sediment Incubations,,,20181029,N,SB-5,,,T2,38.05897165,37.97894686,17.99410489,18.03803086,-0.04392597,0.08002479
Sediment Incubations,,,20181029,N,SB-5,,,T3,38.06192355,38.06563443,18.05417677,17.99336364,0.06081313,-0.00371088
Sediment Incubations,,,20181105,LP N,SB-5,,,T1,40.29475417,40.17922294,7.853634062,8.034571398,-0.180937336,0.11553123
Sediment Incubations,,,20181105,LP N,SB-5,,,T2,41.45852734,41.48708145,3.177311368,3.525826267,-0.348514899,-0.02855411
Sediment Incubations,,,20181105,LP N,SB-5,,,T3,42.15428788,41.7863494,2.373436927,2.369989469,0.003447458,0.36793848
Sediment Incubations,,,20181113,N,SB-5,,,T1,37.88852554,37.79893187,19.37610944,19.22835557,0.14775387,0.08959367
Sediment Incubations,,,20181113,N,SB-5,,,T2,37.92703004,37.89117801,19.36514828,17.94699145,1.41815683,0.03585203
Sediment Incubations,,,20181113,N,SB-5,,,T3,37.94766746,37.77910905,19.25775732,19.07301303,0.18474429,0.16855841
Sediment Incubations,,,20181126,LP N,SB-5,,,T1,38.90893735,38.84622165,7.938826119,7.524472684,0.414353435,0.0627157
Sediment Incubations,,,20181126,LP N,SB-5,,,T2,39.44633194,39.15741304,6.649253975,6.726791758,-0.077537783,0.2889189
Sediment Incubations,,,20181126,LP N,SB-5,,,T3,39.57596962,39.35974716,6.661739877,6.8280751,-0.166335223,0.21622246
Sediment Incubations,,,20181210,N,SB-5,,,T1,37.72964501,37.83328667,18.07384995,18.18695502,-0.11310507,-0.10364166
Sediment Incubations,,,20181210,N,SB-5,,,T2,38.00359606,37.96543594,18.19340456,18.05554881,0.13785575,0.03816012
Sediment Incubations,,,20181210,N,SB-5,,,T3,38.09922785,38.05218486,18.23808335,18.28889966,-0.05081631,0.04704299
Sediment Incubations,,,20190204,N,SB-5,,,T1,37.94978786,37.9653162,18.07602721,18.05931224,0.01671497,-0.01552834
Sediment Incubations,,,20190204,N,SB-5,,,T2,38.00053317,38.07252078,17.97275986,18.01018413,-0.03742427,-0.07198761
Sediment Incubations,,,20190204,N,SB-5,,,T3,38.16856504,38.12339771,17.74035759,17.73014868,0.01020891,0.04516733
Sediment Incubations,,,20181029,SW,SB-6,,,T1,38.02494696,37.97690552,17.07727877,17.23682504,-0.15954627,0.04804144
Sediment Incubations,,,20181029,SW,SB-6,,,T2,38.00114522,37.88742991,17.14479742,16.73053447,0.41426295,0.11371531
Sediment Incubations,,,20181029,SW,SB-6,,,T3,37.96004805,38.0531856,16.75849537,16.8186202,-0.06012483,-0.09313755
Sediment Incubations,,,20181105,SW,SB-6,,,T1,37.98319164,37.92598257,18.76845862,18.75500671,0.01345191,0.05720907
Sediment Incubations,,,20181105,SW,SB-6,,,T2,37.977198,37.87986356,19.30597005,19.16086587,0.14510418,0.09733444
Sediment Incubations,,,20181105,SW,SB-6,,,T3,38.00136199,37.88575714,18.76992661,18.9548876,-0.18496099,0.11560485
Sediment Incubations,,,20181113,SW,SB-6,,,T1,37.79020069,37.74883426,18.67161824,18.66720719,0.00441105,0.04136643
Sediment Incubations,,,20181113,SW,SB-6,,,T2,37.87912507,37.83653476,19.07500731,18.82460677,0.25040054,0.04259031
Sediment Incubations,,,20181113,SW,SB-6,,,T3,37.92048872,37.78684774,19.08815889,18.84660552,0.24155337,0.13364098
Sediment Incubations,,,20181126,SW,SB-6,,,T1,37.8788749,37.91128,17.88187675,17.91295461,-0.03107786,-0.0324051
Sediment Incubations,,,20181126,SW,SB-6,,,T2,37.98518295,37.83037021,18.97821361,18.61109425,0.36711936,0.15481274
Sediment Incubations,,,20181126,SW,SB-6,,,T3,38.02029289,37.8977264,18.71455951,18.39178031,0.3227792,0.12256649
Sediment Incubations,,,20181210,LP,SB-6,,,T1,38.65591499,38.49079683,4.33965985,4.182922498,0.156737352,0.16511816
Sediment Incubations,,,20181210,LP,SB-6,,,T2,38.73867601,38.43147925,2.724683819,2.884909209,-0.16022539,0.30719676
Sediment Incubations,,,20181210,LP,SB-6,,,T3,38.73269121,38.41146103,3.004279494,3.360725894,-0.3564464,0.32123018
Sediment Incubations,,,20190204,SW,SB-6,,,T1,37.89117197,37.90199923,18.51281212,18.51503388,-0.00222176,-0.01082726
Sediment Incubations,,,20190204,SW,SB-6,,,T2,37.92859215,37.95462795,18.52244631,18.4098395,0.11260681,-0.0260358
Sediment Incubations,,,20190204,SW,SB-6,,,T3,37.97743006,37.9539124,18.22625612,18.35082496,-0.12456884,0.02351766
Sediment Incubations,,,20181029,N,SB-8,,,T1,38.11087445,38.04544019,19.7369151,19.72700304,0.00991206,0.06543426
Sediment Incubations,,,20181029,N,SB-8,,,T2,38.00828829,38.15186642,19.61921457,19.51736424,0.10185033,-0.14357813
Sediment Incubations,,,20181029,N,SB-8,,,T3,38.01353752,39.73051569,19.53096658,19.57289434,-0.04192776,-1.71697817
Sediment Incubations,,,20181105,N,SB-8,,,T1,38.04443618,38.16061362,19.96761292,19.76449523,0.20311769,-0.11617744
Sediment Incubations,,,20181105,N,SB-8,,,T2,37.97230926,37.89613097,19.76441189,19.56762233,0.19678956,0.07617829
Sediment Incubations,,,20181105,N,SB-8,,,T3,38.00017148,37.87383419,19.23212623,19.16267779,0.06944844,0.12633729
Sediment Incubations,,,20181113,LP N,SB-8,,,T2,42.13733665,41.71401276,2.637794841,2.760004819,-0.122209978,0.42332389
Sediment Incubations,,,20181113,LP N,SB-8,,,T3,42.58968842,41.94476124,2.00598182,2.348093174,-0.342111354,0.64492718
Sediment Incubations,,,20181126,LP N,SB-8,,,T1,40.98899533,40.61755827,5.328437511,5.243191245,0.085246266,0.37143706
Sediment Incubations,,,20181126,LP N,SB-8,,,T2,41.7524161,41.28154906,3.423009164,3.824382471,-0.401373307,0.47086704
Sediment Incubations,,,20181126,LP N,SB-8,,,T3,42.0532286,41.73013303,3.127269473,3.148171806,-0.020902333,0.32309557
Sediment Incubations,,,20181210,LP N,SB-8,,,T1,38.53630878,38.45839506,6.065168973,6.185363526,-0.120194553,0.07791372
Sediment Incubations,,,20181210,LP N,SB-8,,,T2,38.67665148,38.54044858,5.889837128,6.079806186,-0.189969058,0.1362029
Sediment Incubations,,,20181210,LP N,SB-8,,,T3,38.73719549,38.57811908,5.801257759,6.115530697,-0.314272938,0.15907641
Sediment Incubations,,,20190204,N,SB-8,,,T1,37.95995005,37.99455349,19.99990508,19.90309939,0.09680569,-0.03460344
Sediment Incubations,,,20190204,N,SB-8,,,T2,37.90497527,38.41947993,19.68473768,19.6815502,0.00318748,-0.51450466
Sediment Incubations,,,20190204,N,SB-8,,,T3,38.02693636,37.98231699,19.55404311,19.4506066,0.10343651,0.04461937
Sediment Incubations,,,20181029,N,SB-INFLOW+N,,,T1,38.00488102,37.9419503,20.22577016,20.04336102,0.18240914,0.06293072
Sediment Incubations,,,20181029,N,SB-INFLOW+N,,,T2,37.97650785,37.93963645,20.05878368,19.95944641,0.09933727,0.0368714
Sediment Incubations,,,20181029,N,SB-INFLOW+N,,,T3,37.94887463,37.88107253,20.12621525,19.97096114,0.15525411,0.0678021
Sediment Incubations,,,20181105,N,SB-INFLOW+N,,,T1,37.93717419,37.84832614,20.26542501,20.06697837,0.19844664,0.08884805
Sediment Incubations,,,20181105,N,SB-INFLOW+N,,,T2,37.96666245,37.88834489,20.25381636,20.09747394,0.15634242,0.07831756
Sediment Incubations,,,20181105,N,SB-INFLOW+N,,,T3,37.97391635,37.86155596,20.15960988,19.829032,0.33057788,0.11236039
Sediment Incubations,,,20181113,N,SB-INFLOW+N,,,T1,37.89646963,37.83250449,19.9790363,19.87212382,0.10691248,0.06396514
Sediment Incubations,,,20181113,N,SB-INFLOW+N,,,T2,37.94463811,37.83456008,20.34140363,19.99437076,0.34703287,0.11007803
Sediment Incubations,,,20181113,N,SB-INFLOW+N,,,T3,37.88857995,37.67587165,20.02016736,19.77040978,0.24975758,0.2127083
Sediment Incubations,,,20181126,N,SB-INFLOW+N,,,T1,37.91560611,38.02237951,19.97268528,19.81128562,0.16139966,-0.1067734
Sediment Incubations,,,20181126,N,SB-INFLOW+N,,,T2,37.97021941,37.85348784,20.17940034,19.86688829,0.31251205,0.11673157
Sediment Incubations,,,20181126,N,SB-INFLOW+N,,,T3,38.00482926,37.91878808,20.00779917,19.80116944,0.20662973,0.08604118
Sediment Incubations,,,20181210,N,SB-INFLOW+N,,,T1,37.9889873,37.93384142,20.19413242,19.9002503,0.29388212,0.05514588
Sediment Incubations,,,20181210,N,SB-INFLOW+N,,,T2,37.92107909,37.88148831,20.18254538,19.9046868,0.27785858,0.03959078
Sediment Incubations,,,20181210,N,SB-INFLOW+N,,,T3,37.96924602,37.91707785,20.06332529,19.91211464,0.15121065,0.05216817
Sediment Incubations,,,20190204,N,SB-INFLOW+N,,,T1,37.9436237,37.94971813,20.14004463,20.05731994,0.08272469,-0.00609443
Sediment Incubations,,,20190204,N,SB-INFLOW+N,,,T2,37.91276129,37.94507593,20.10692329,19.88457869,0.2223446,-0.03231464
Sediment Incubations,,,20190204,N,SB-INFLOW+N,,,T3,37.93202424,37.93721528,20.20010004,20.05314,0.14696004,-0.00519104
Sediment Incubations,,,20181029,SW,SB-INFLOW,,,T1,37.98243432,37.90971193,20.13527395,19.87987703,0.25539692,0.07272239
Sediment Incubations,,,20181029,SW,SB-INFLOW,,,T2,37.97044728,37.96524722,20.09765549,19.91279617,0.18485932,0.00520006
Sediment Incubations,,,20181029,SW,SB-INFLOW,,,T3,37.94227504,37.88040185,20.04435155,19.97243224,0.07191931,0.06187319
Sediment Incubations,,,20181105,SW,SB-INFLOW,,,T1,37.9476151,37.82294976,20.27271409,20.04437371,0.22834038,0.12466534
Sediment Incubations,,,20181105,SW,SB-INFLOW,,,T2,37.95699499,37.83389833,20.21171995,20.01517548,0.19654447,0.12309666
Sediment Incubations,,,20181105,SW,SB-INFLOW,,,T3,37.92288362,37.85952949,20.10664206,19.94528691,0.16135515,0.06335413
Sediment Incubations,,,20181113,SW,SB-INFLOW,,,T1,37.91379447,37.84945188,20.06805017,19.81077244,0.25727773,0.06434259
Sediment Incubations,,,20181113,SW,SB-INFLOW,,,T2,37.92775053,37.8334989,20.26114983,19.97758207,0.28356776,0.09425163
Sediment Incubations,,,20181113,SW,SB-INFLOW,,,T3,37.89789727,37.63004789,20.00209917,19.67893926,0.32315991,0.26784938
Sediment Incubations,,,20181126,SW,SB-INFLOW,,,T1,37.98239708,37.95680087,19.95788026,19.91891696,0.0389633,0.02559621
Sediment Incubations,,,20181126,SW,SB-INFLOW,,,T2,37.94381485,37.80762089,19.99699785,19.87233292,0.12466493,0.13619396
Sediment Incubations,,,20181126,SW,SB-INFLOW,,,T3,37.94286976,37.84576997,19.94663863,19.78868436,0.15795427,0.09709979
Sediment Incubations,,,20181210,SW,SB-INFLOW,,,T1,37.94031732,37.91541255,20.08345032,19.97843565,0.10501467,0.02490477
Sediment Incubations,,,20181210,SW,SB-INFLOW,,,T2,37.89738027,37.84150198,20.08934813,19.92957531,0.15977282,0.05587829
Sediment Incubations,,,20181210,SW,SB-INFLOW,,,T3,37.97076435,37.90097352,19.91015784,19.86101054,0.0491473,0.06979083
Sediment Incubations,,,20190204,SW,SB-INFLOW,,,T1,37.92853994,38.1295699,20.15360014,20.05551109,0.09808905,-0.20102996
Sediment Incubations,,,20190204,SW,SB-INFLOW,,,T2,37.91226502,37.93035333,20.04400751,19.95780504,0.08620247,-0.01808831
Sediment Incubations,,,20190204,SW,SB-INFLOW,,,T3,37.98630396,37.95539248,20.16889657,19.97138982,0.19750675,0.03091148